,"1 Place des Carmes, Avignon, France","1 Place du Palais, Avignon, France","1 Square Dagmar Silhol, Avignon, France","1 rue de l'Hôpital, Avignon, France","1 rue henri fabre, Avignon, France","10 bis, Place de l'Amirande, Avignon, France","10 bis, rue Peyrolerie, Avignon, France","10 chemin de la Barthelasse, Avignon, France","10 place Saint Marc, Avignon, France","101 Rue de la Bonneterie, Avignon, France","11 rue de Taulignan, Avignon, 84000","11, Rue de l'Hôpital, Avignon, France","110 chemin des Bois, Avignon, France","12, place Crillon, Avignon, France","129 rue de la Frache, Avignon, France","13 Chemin du Polygone, Avignon, France","13 Place Jean Jaurès, Avignon, France","13 Place de l'Horloge, Avignon, France","13, rue Banasterie, Avignon, 84000","130, Chemin du Pont Blanc, Avignon, France","14 Place Saint Didier, Avignon, France","15 rue Laurent Bertrand, Avignon, France","15 rue de la République, Avignon, France","162, Chemin des Canotiers, Avignon, France","17 rue Racine, Avignon, France","1715, chemin du Lavarin, Avignon, France","18 Boulevard Limbert, Avignon, France","18ter, Rue Pétramale, Avignon, France","2 Rue Mère Térésa, Avignon, France","2 bis rue Laboureur, Avignon, 84000","2 place Jérusalem, Avignon, 84000","20 boulevard Saint Roch, Avignon, France","20, rue Carreterie, Avignon, 84000","20, rue Saint-Etienne, Avignon, France","203 avenue de la Rétanque, Avignon, France","21, place des Corps Saints, Avignon, France","229 rue Graham Bell, Avignon, France","23, Rue de la Bancasse, Avignon, France","24 Rue de la Bonneterie, Avignon, France","24 place de l'Horloge, Avignon, France","25, allée Antoine Pinay, Avignon, France","25-27, place des Corps Saints, Avignon, France","26, rue des Trois Faucons, Avignon, France","27 rue de la République, Avignon, 84000","276 rue du Jas, Avignon, France","28 rue de la bonneterie, Avignon, France","29 place de la Poste, Avignon, France","29 rue Théodore Aubanel, Avignon, France","2968, Avenue de l'Amandier, Avignon, France","3 place Saint-Marc, Avignon, France","3 rue de la République, Villeneuve-lez-Avignon, 30400","3, Place Saint-Marc, Avignon, France","311 chemin des Petits Rougiers, Avignon, France","32 rue Joseph Vernet, Avignon, 84000","322 avenue de Saint Tronquet, Avignon, France","34, rue des Trois Faucons, Avignon, France","34- 36  Place des Corps Saints, Avignon, France","35 rue notre dame, Avignon, France","361 allée Louis Montagnat, Avignon, France","37 rue Camp de Bataille, Avignon, France","37 rue de la Saraillerie, Avignon, France","3B rue de la Petite Calade, Avignon, France","4 Place Jean Jaurès, Avignon, France","4 Place de l'Amirande, Avignon, France","4 place de l'Amirande, Avignon, France","4, Place de la Principale, Avignon, France","4, place de l'Amirande, Avignon, France","41 – 43 rue Carnot, Avignon, France","43 rue de la république, Avignon, France","450 allée de Cassagne, Avignon, France","49 rue porte de Jonquerettes, Avignon, France","5 Rue Cabassole, Avignon, France","5 place Jean Jaurès, Avignon, France","5 rue Violette, Avignon, France","5 rue Violette, Avignon, 84000","5 rue de la république, Avignon, France","5, rue Laboureur, Avignon, 84000","5, rue de la République, Avignon, France","5, rue du Vieux Moulin, Avignon, France","51 avenue du Mont-Ventoux, Avignon, France","53 rue de la République, Villeneuve-lez-Avignon, 30400","57 rue Banasterie, Avignon, 84000","58 rue de la République, Villeneuve-lez-Avignon, 30400","6, rue Saluces, Avignon, 84000","62 Place des Corps Saints, Avignon, France","62 place du Petit Pont, Avignon, France","641 avenue de Saint Tronquet, Avignon, France","641 avenue de Saint-Tronquet, Avignon, France","65 rue Joseph Vernet, Avignon, 84000","67 rue Joseph Vernet, Avignon, 84000","68, place des Corps Saints, Avignon, France","69 avenue du General de Gaulle, Avignon, France","7 Place Saint-Marc, Avignon, France","7 place du Chapitre, Avignon, France","7, impasse du Pont, Avignon, France","719 route de Carpentras, Avignon, France","72, place des Corps Saints, Avignon, France","74 Place des Corps Saints, Avignon, France","74 rue de la République, Avignon, France","76 rue Daniel Lavorini, Avignon, France","8 impasse du lavoir, Avignon, France","8 rue de Mons, Avignon, 84000","8, RUE MAZAN, Avignon, France","9 rue de la République, Avignon, France","9, place Crillon, Avignon, 84000","Avenue Pierre de Coubertin, Le Pontet, 84130, Avignon, France","Avenue Pierre de Coubertin, Vedène, 84270, Avignon, France","Avenue du Blanchissage, Avignon, 84000","Avignon, 84000","Centre Commercial Buld'Air, Avignon, France","Chemin de la Banastière, Avignon, France","Montfavet, Avignon, 84000","Montée de la Tour, Villeneuve-lez-Avignon, 30400","Palais des papes, Avignon, 84000","Place Meissonnier, Villeneuve-lez-Avignon, 30400","Place Saint Didier, Avignon, 84000","Place de l'Église, Caumont-sur-Durance, 84510, Avignon, France","Place de l'église, Caumont-sur-Durance, 84510, Avignon, France","Place de l'église, Entraigues-sur-la-Sorgue, 84320, Avignon, France","Place de l'église, Vedène, 84270, Avignon, France","Place des Carmes, Avignon, 84000","Place des Corps Saints, Avignon, 84000","Place du Palais, Avignon, 84000","Place du Petit Pont, Vedène, 84270, Avignon, France","RD 6580, Avignon, France","Rue de la Dévalade, Caumont-sur-Durance, 84510, Avignon, France","Rue des Teinturiers, Avignon, 84000","Rue du Portail Boquier, Avignon, 84000","avenue Moulin de Notre-Dame, Avignon, 84000","boulevard Gambetta, Avignon, 84000","rue René Goscinny, Avignon, 84000","rue Vice-légat, Avignon, 84000"
"1 Place des Carmes, Avignon, France",0,454,1824,17335,777,427,455,1105,1921,439,379,17335,3072,800,17350,3116,7472,603,348,6802,598,11015,620,579,645,3131,586,594,3321,682,365,1179,31,698,9632,742,5985,595,440,535,1102,788,663,727,1134,432,17478,7431,3613,1951,2195,1951,5676,780,5975,688,788,8007,7025,2724,558,799,12333,417,417,524,417,246,874,5103,9450,1525,12333,928,928,589,653,589,1543,10130,2195,385,2195,179,761,8188,5753,5753,842,855,798,11385,1951,1982,1728,4722,811,816,2294,10909,10832,497,753,7434,800,4081,8233,1350,571,6960,6529,5272,1567,423,1944,598,12300,12300,10811,7826,62,788,520,8188,5961,12316,588,937,2149,1630,2828,398
"1 Place du Palais, Avignon, France",454,0,1466,17755,728,162,173,692,1537,671,176,17755,3121,404,17770,2809,7916,345,178,7112,546,11291,441,483,263,3221,992,686,3167,607,347,1063,485,294,10045,776,6267,450,429,248,650,821,661,642,1421,435,17898,7878,4025,1568,1827,1568,5954,463,6251,689,821,8338,7427,2308,485,530,12779,164,164,406,164,339,834,5487,9865,1974,12779,805,805,373,609,373,1098,10553,1827,233,1845,292,783,8522,6029,6029,613,637,822,11833,1568,1591,1276,5048,835,844,1936,11186,11103,272,376,7878,404,4500,8563,1271,291,7275,6908,5726,1131,95,1556,546,12748,12748,11087,8162,434,821,83,8522,5511,12764,932,883,2358,1724,3151,141
"1 Square Dagmar Silhol, Avignon, France",1824,1466,0,18418,2104,1613,1610,800,186,2137,1640,18418,2631,1491,18429,1368,8832,1693,1645,7290,1961,11261,1808,1298,1523,4538,2410,2135,4053,1993,1810,2299,1848,1478,10697,2193,6357,1838,1882,1632,1150,2232,2078,2013,2888,1890,18555,8835,5427,197,373,197,6037,1661,6319,2102,2232,8581,8042,1010,1903,1758,14035,1618,1618,1825,1618,1800,2194,6054,10531,3278,14035,2098,2098,1742,2013,1742,745,11270,373,1438,379,1724,2193,8778,6104,6104,1851,1879,2228,13075,197,265,1138,5364,2240,2248,471,11162,11056,1686,1534,8794,1491,5297,8801,2514,1653,7472,7412,6887,638,1555,225,1961,13994,13994,11061,8430,1773,2232,1460,8778,4385,14006,2385,2224,3796,3102,4618,1604
"1 rue de l'Hôpital, Avignon, France",17335,17755,18418,0,17900,17762,17790,18175,18602,17454,17714,0,16300,18134,58,18780,10047,17925,17683,11596,17809,9714,17908,17478,17979,18404,17031,17658,19864,17877,17664,18234,17305,18030,7724,17780,12568,17872,17699,17869,18380,17798,17793,17911,17209,17686,161,10181,15199,18616,18688,18616,12846,18104,12643,17800,17798,10336,10377,19382,17803,18102,9778,17752,17752,17808,17752,17559,17942,12364,7897,16064,9778,18079,18079,17900,17832,17900,18659,7206,18688,17567,18587,17514,17804,10135,12806,12806,18116,18118,17814,9803,18616,18682,18980,13141,17819,17817,18691,9727,9924,17825,18088,10083,18134,13255,10165,18269,17901,11400,11028,12694,18625,17751,18641,17809,9616,9616,9790,10405,17335,17798,17834,10135,22674,9554,17202,17992,17486,17911,16595,17732
"1 rue henri fabre, Avignon, France",777,728,2104,17900,0,567,555,1304,2137,458,571,17900,3807,626,17918,3471,7956,416,590,7543,192,11773,301,1183,583,2494,869,244,2544,121,444,405,793,626,10227,136,6744,281,349,495,1025,149,119,91,925,353,18046,7891,3656,2168,2439,2168,6437,462,6735,102,149,8730,7653,2811,249,376,12523,568,568,324,568,551,106,5769,10040,1868,12523,179,179,371,128,371,1555,10695,2439,912,2480,665,119,8908,6514,6514,309,291,138,11593,2168,2176,1538,5456,146,154,2558,11666,11592,457,576,7918,626,4679,8957,576,463,7698,7198,5609,1627,636,2147,192,12501,12501,11569,8546,821,149,691,8908,5804,12520,699,164,1696,1008,2604,597
"10 bis, Place de l'Amirande, Avignon, France",427,162,1613,17762,567,0,28,826,1675,536,48,17762,3263,372,17778,2963,7896,212,79,7184,384,11378,290,625,218,3058,896,527,3036,446,198,915,458,273,10059,613,6351,292,270,120,707,658,498,483,1278,277,17906,7852,3916,1706,1969,1706,6039,369,6337,526,658,8401,7449,2427,322,414,12698,10,10,244,10,233,673,5521,9877,1906,12698,655,655,227,447,227,1195,10558,1969,358,1992,248,620,8584,6115,6115,484,505,659,11755,1706,1726,1326,5113,672,681,2080,11273,11192,118,325,7858,372,4508,8627,1119,164,7346,6946,5670,1239,68,1692,384,12669,12669,11174,8223,430,658,153,8584,5590,12685,814,725,2199,1562,3009,37
"10 bis, rue Peyrolerie, Avignon, France",455,173,1610,17790,555,28,0,819,1669,547,75,17790,3284,345,17806,2962,7922,187,107,7213,374,11406,270,645,191,3048,916,527,3013,433,208,895,485,248,10087,606,6379,276,272,93,686,651,491,469,1285,280,17934,7878,3931,1700,1964,1700,6067,341,6365,518,651,8430,7478,2415,313,387,12718,38,38,233,38,255,660,5550,9905,1928,12718,636,636,205,436,205,1180,10586,1964,380,1989,275,612,8613,6142,6142,459,481,651,11775,1700,1718,1303,5141,664,672,2076,11301,11220,99,297,7884,345,4536,8656,1101,137,7374,6975,5693,1226,84,1685,374,12689,12689,11202,8252,459,651,150,8613,5571,12705,829,710,2197,1553,3016,65
"10 chemin de la Barthelasse, Avignon, France",1105,692,800,18175,1304,826,819,0,850,1359,858,18175,2942,699,18189,2166,8430,893,867,7297,1161,11394,1008,712,722,3757,1676,1340,3418,1192,1024,1519,1133,678,10452,1393,6406,1037,1090,834,431,1432,1278,1213,2104,1099,18316,8409,4712,881,1146,881,6088,867,6380,1302,1432,8558,7810,1620,1104,965,13428,832,832,1027,832,1031,1395,5839,10278,2622,13428,1305,1305,942,1213,942,488,10989,1146,732,1178,973,1393,8748,6159,6159,1060,1088,1427,12477,881,900,831,5282,1439,1448,1260,11291,11197,890,738,8392,699,4949,8781,1737,853,7470,7240,6334,480,773,866,1161,13393,13393,11191,8393,1065,1432,672,8748,4881,13408,1625,1427,2995,2305,3835,821
"10 place Saint Marc, Avignon, France",1921,1537,186,18602,2137,1675,1669,850,0,2208,1706,18602,2802,1514,18613,1370,9003,1734,1715,7475,2005,11440,1847,1420,1563,4533,2505,2188,3978,2030,1874,2301,1947,1514,10881,2234,6541,1880,1939,1681,1145,2271,2121,2047,2954,1949,18739,9004,5533,31,303,31,6221,1683,6503,2144,2271,8767,8225,849,1950,1778,14175,1681,1681,1874,1681,1876,2222,6237,10714,3400,14175,2115,2115,1784,2054,1784,679,11451,303,1535,373,1808,2232,8964,6288,6288,1868,1895,2266,13217,31,80,1034,5550,2277,2285,427,11341,11234,1738,1561,8966,1514,5472,8986,2513,1698,7657,7597,7036,575,1621,39,2005,14135,14135,11240,8616,1873,2271,1522,8964,4217,14148,2467,2246,3833,3122,4685,1670
"101 Rue de la Bonneterie, Avignon, France",439,671,2137,17454,458,536,547,1359,2208,0,501,17454,3506,825,17471,3471,7527,560,493,7097,359,11336,493,987,701,2692,431,216,2954,422,339,847,439,761,9775,366,6308,451,301,564,1215,403,342,456,752,289,17600,7468,3389,2239,2498,2239,6003,717,6302,355,403,8278,7196,2962,368,680,12202,529,529,406,529,339,527,5311,9589,1458,12202,637,637,516,377,516,1724,10248,2498,743,2516,435,390,8455,6081,6081,670,668,417,11264,2239,2260,1810,5008,428,431,2607,11229,11157,502,766,7489,825,4225,8504,979,568,7250,6740,5223,1772,586,2226,359,12176,12176,11131,8092,499,403,688,8455,6092,12193,295,588,1728,1191,2480,538
"11 rue de Taulignan, Avignon, 84000",379,176,1640,17714,571,48,75,858,1706,501,0,17714,3246,421,17730,2985,7847,246,32,7144,383,11341,309,612,266,3056,852,510,3061,452,170,932,409,322,10011,606,6314,305,253,161,753,653,494,491,1249,259,17858,7803,3875,1737,1998,1737,6002,411,6300,522,653,8359,7403,2465,322,449,12652,38,38,248,38,187,678,5475,9829,1858,12652,671,671,252,447,252,1237,10510,1998,342,2019,200,615,8542,6078,6078,514,534,655,11709,1737,1758,1373,5071,668,676,2108,11236,11155,142,373,7809,421,4460,8586,1132,202,7305,6901,5622,1279,85,1724,383,12623,12623,11137,8181,384,653,188,8542,5636,12639,774,732,2181,1556,2979,36
"11, Rue de l'Hôpital, Avignon, France",17335,17755,18418,0,17900,17762,17790,18175,18602,17454,17714,0,16300,18134,58,18780,10047,17925,17683,11596,17809,9714,17908,17478,17979,18404,17031,17658,19864,17877,17664,18234,17305,18030,7724,17780,12568,17872,17699,17869,18380,17798,17793,17911,17209,17686,161,10181,15199,18616,18688,18616,12846,18104,12643,17800,17798,10336,10377,19382,17803,18102,9778,17752,17752,17808,17752,17559,17942,12364,7897,16064,9778,18079,18079,17900,17832,17900,18659,7206,18688,17567,18587,17514,17804,10135,12806,12806,18116,18118,17814,9803,18616,18682,18980,13141,17819,17817,18691,9727,9924,17825,18088,10083,18134,13255,10165,18269,17901,11400,11028,12694,18625,17751,18641,17809,9616,9616,9790,10405,17335,17798,17834,10135,22674,9554,17202,17992,17486,17911,16595,17732
"110 chemin des Bois, Avignon, France",3072,3121,2631,16300,3807,3263,3284,2942,2802,3506,3246,16300,0,3452,16306,2503,7314,3466,3223,4849,3615,8659,3553,2639,3361,6183,3431,3663,6281,3692,3363,4179,3068,3363,8673,3803,3877,3552,3458,3368,3360,3851,3708,3734,4073,3456,16429,7396,5622,2799,2733,2799,3565,3569,3825,3736,3851,6161,6062,3352,3559,3648,13161,3259,3259,3492,3259,3263,3912,4152,8531,3607,13161,3918,3918,3489,3678,3489,3249,9322,2733,2905,2605,3145,3820,6364,3622,3622,3734,3758,3858,12181,2799,2867,3675,3186,3872,3878,2680,8562,8450,3381,3453,7279,3452,3901,6371,4378,3412,5041,5314,6072,3158,3200,2838,3615,13089,13089,8461,6035,3016,3851,3187,6364,6417,13090,3552,3971,5111,4696,5466,3228
"12, place Crillon, Avignon, France",800,404,1491,18134,626,372,345,699,1514,825,421,18134,3452,0,18150,2860,8267,265,452,7515,523,11690,358,849,155,3058,1232,725,2830,527,510,824,831,109,10430,735,6669,397,523,278,405,767,628,538,1506,536,18278,8222,4207,1545,1817,1545,6354,169,6651,648,767,8742,7817,2190,481,266,13027,383,383,422,383,592,707,5884,10248,2256,13027,607,607,312,560,312,935,10930,1817,632,1863,620,729,8926,6429,6429,361,388,760,12088,1545,1550,985,5452,770,778,1937,11586,11502,334,58,8229,0,4880,8968,1042,260,7679,7307,6025,1002,385,1523,523,13000,13000,11487,8566,800,767,321,8926,5266,13017,1120,733,2321,1611,3219,402
"129 rue de la Frache, Avignon, France",17350,17770,18429,58,17918,17778,17806,18189,18613,17471,17730,58,16306,18150,0,18787,10069,17941,17698,11597,17825,9693,17925,17491,17995,18429,17049,17675,19886,17894,17680,18252,17320,18045,7737,17797,12570,17889,17715,17885,18395,17816,17810,17928,17229,17702,129,10205,15224,18627,18698,18627,12848,18121,12644,17818,17816,10334,10389,19392,17819,18118,9829,17768,17768,17824,17768,17575,17959,12375,7911,16082,9829,18096,18096,17916,17849,17916,18672,7223,18698,17582,18596,17530,17821,10133,12808,12808,18132,18134,17832,9850,18627,18693,18994,13148,17836,17835,18701,9707,9905,17841,18104,10106,18150,13270,10163,18288,17917,11400,11037,12719,18638,17767,18652,17825,9666,9666,9771,10405,17350,17816,17849,10133,22682,9605,17220,18010,17508,17932,16620,17748
"13 Chemin du Polygone, Avignon, France",3116,2809,1368,18780,3471,2963,2962,2166,1370,3471,2985,18780,2503,2860,18787,0,9529,3057,2986,7349,3322,11033,3173,2547,2888,5901,3697,3489,5297,3357,3156,3664,3136,2845,11116,3556,6373,3201,3233,2992,2509,3596,3440,3379,4222,3240,18911,9569,6646,1341,1072,1341,6063,3029,6318,3465,3596,8661,8478,1210,3264,3126,15031,2967,2967,3184,2967,3132,3562,6514,10966,4456,15031,3467,3467,3106,3377,3106,2043,11742,1072,2742,1001,3043,3557,8864,6119,6119,3220,3247,3592,14061,1341,1357,2346,5641,3604,3613,945,10940,10815,3044,2902,9492,2860,5991,8870,3878,3015,7542,7764,7846,1942,2901,1372,3322,14979,14979,10839,8537,3059,3596,2812,8864,3914,14987,3698,3592,5158,4471,5941,2949
"13 Place Jean Jaurès, Avignon, France",7472,7916,8832,10047,7956,7896,7922,8430,9003,7527,7847,10047,7314,8267,10069,9529,0,8036,7817,4396,7886,7227,8003,7717,8114,8374,7096,7718,9817,7947,7772,8262,7441,8169,2820,7828,4853,7964,7793,7992,8562,7841,7855,7977,7205,7780,10198,299,5196,9023,9155,9023,4925,8213,4946,7859,7841,4226,2044,9839,7888,8197,6261,7886,7886,7904,7886,7677,7985,3245,2614,6091,6261,8131,8131,8005,7901,8005,8918,2985,9155,7755,9077,7651,7851,4212,4946,4946,8197,8196,7857,5319,9023,9083,9184,4367,7860,7858,9190,7127,7196,7942,8216,37,8267,3548,4327,8277,8019,4308,2779,2693,8904,7896,9040,7886,6149,6149,7073,4047,7483,7841,7989,4212,13215,6135,7257,8032,7438,7881,6564,7870
"13 Place de l'Horloge, Avignon, France",603,345,1693,17925,416,212,187,893,1734,560,246,17925,3466,265,17941,3057,8036,0,277,7389,272,11587,115,826,171,2905,974,466,2827,300,263,719,631,222,10228,500,6560,145,260,97,665,539,386,325,1249,273,18069,7986,3942,1765,2035,1765,6248,179,6546,409,539,8602,7626,2441,221,203,12763,219,219,156,219,366,515,5706,10045,2002,12763,464,464,50,320,50,1188,10719,2035,565,2071,431,500,8784,6324,6324,272,294,535,11824,1765,1777,1249,5315,546,555,2151,11482,11402,106,206,7998,265,4675,8828,929,54,7550,7132,5771,1248,268,1747,272,12736,12736,11384,8423,619,539,288,8784,5532,12754,856,556,2102,1424,2969,250
"13, rue Banasterie, Avignon, 84000",348,178,1645,17683,590,79,107,867,1715,493,32,17683,3223,452,17698,2986,7817,277,0,7112,400,11310,336,592,297,3069,832,515,3088,471,172,957,378,351,9979,618,6282,330,262,194,777,665,508,512,1243,265,17826,7774,3858,1745,2005,1745,5970,444,6268,536,665,8327,7370,2478,340,481,12630,69,69,269,69,168,697,5443,9797,1834,12630,695,695,282,464,282,1255,10478,2005,321,2024,168,629,8509,6046,6046,544,563,668,11686,1745,1768,1399,5039,682,689,2114,11204,11124,173,405,7779,452,4428,8553,1155,235,7273,6868,5596,1295,96,1733,400,12600,12600,11106,8148,351,665,203,8509,5658,12617,760,752,2185,1567,2973,54
"130, Chemin du Pont Blanc, Avignon, France",6802,7112,7290,11596,7543,7184,7213,7297,7475,7097,7144,11596,4849,7515,11597,7349,4396,7389,7112,0,7387,4284,7422,6701,7373,9165,6764,7312,10013,7471,7167,7944,6778,7406,4315,7464,983,7397,7237,7305,7622,7500,7424,7513,7226,7228,11717,4645,6802,7481,7482,7481,1286,7554,1050,7443,7500,1312,2370,8147,7355,7591,10606,7176,7176,7326,7176,7048,7624,2277,4236,6131,10606,7713,7713,7385,7434,7385,7731,5057,7482,6884,7363,6961,7488,1515,1233,1233,7643,7657,7514,9687,7481,7550,8125,2092,7524,7526,7454,4174,4127,7283,7487,4380,7515,3530,1522,8069,7347,196,1637,5260,7666,7147,7514,7387,10483,10483,4081,1200,6775,7500,7195,1515,11260,10463,6947,7686,7990,8021,7638,7148
"14 Place Saint Didier, Avignon, France",598,546,1961,17809,192,384,374,1161,2005,359,383,17809,3615,523,17825,3322,7886,272,400,7387,0,11609,165,992,442,2674,791,204,2726,84,252,583,617,494,10125,234,6579,127,160,330,929,277,118,128,983,166,17954,7828,3692,2036,2305,2036,6271,383,6569,144,277,8582,7539,2711,61,328,12534,384,384,141,384,363,298,5642,9939,1816,12534,330,330,221,64,221,1456,10602,2305,721,2339,476,238,8761,6348,6348,311,310,276,11599,2036,2049,1489,5303,289,298,2421,11503,11427,282,466,7848,523,4572,8809,766,308,7543,7070,5577,1519,452,2018,0,12509,12509,11405,8399,638,277,519,8761,5771,12528,643,355,1835,1178,2698,410
"15 rue Laurent Bertrand, Avignon, France",11015,11291,11261,9714,11773,11378,11406,11394,11440,11336,11341,9714,8659,11690,9693,11033,7227,11587,11310,4284,11609,0,11630,10854,11555,13449,11020,11548,14272,11693,11379,12177,10994,11582,5232,11701,5029,11609,11455,11499,11753,11739,11654,11737,11502,11446,9788,7527,10964,11441,11391,11441,5339,11745,5041,11674,11739,3363,5495,12006,11573,11791,12485,11370,11370,11537,11370,11260,11858,6457,5334,10415,12485,11938,11938,11588,11659,11588,11793,5832,11391,11059,11264,11166,11725,3264,5263,5263,11849,11865,11753,11735,11441,11509,12205,6362,11764,11767,11340,110,237,11482,11667,7233,11690,7744,3167,12313,11542,4161,5292,9069,11716,11335,11478,11609,12326,12326,204,3580,10983,11739,11373,3264,14820,12287,11202,11921,12274,12295,11894,11341
"15 rue de la République, Avignon, France",620,441,1808,17908,301,290,270,1008,1847,493,309,17908,3553,358,17925,3173,8003,115,336,7422,165,11630,0,915,285,2792,919,367,2751,184,256,625,645,333,10217,386,6601,42,210,198,763,424,274,210,1148,223,18053,7949,3854,1879,2148,1879,6290,225,6588,296,424,8627,7622,2546,127,194,12688,294,294,101,294,374,401,5712,10033,1949,12688,365,365,70,207,70,1291,10702,2148,648,2185,463,385,8808,6366,6366,222,235,419,11752,1879,1889,1329,5342,431,440,2266,11524,11445,172,301,7965,358,4663,8853,830,162,7580,7140,5716,1355,355,1859,165,12663,12663,11426,8446,647,424,395,8808,5612,12681,786,445,1988,1309,2863,325
"162, Chemin des Canotiers, Avignon, France",579,483,1298,17478,1183,625,645,712,1420,987,612,17478,2639,849,17491,2547,7717,826,592,6701,992,10854,915,0,734,3650,1150,1083,3650,1064,750,1541,595,747,9757,1204,5839,917,846,729,930,1251,1097,1104,1712,846,17619,7697,4134,1448,1671,1448,5523,940,5819,1125,1251,7942,7121,2257,933,1012,12761,622,622,861,622,672,1290,5159,9581,1981,12761,1280,1280,850,1057,850,1200,10286,1671,271,1656,558,1216,8130,5597,5597,1096,1120,1255,11805,1448,1490,1503,4655,1269,1277,1761,10750,10663,743,836,7679,849,4241,8167,1744,773,6868,6569,5642,1189,561,1449,992,12723,12723,10651,7771,519,1251,552,8130,5575,12736,1167,1344,2715,2145,3404,591
"17 rue Racine, Avignon, France",645,263,1523,17979,583,218,191,722,1563,701,266,17979,3361,155,17995,2888,8114,171,297,7373,442,11555,285,734,0,3063,1094,632,2920,470,372,853,675,60,10274,671,6531,316,402,137,514,709,557,492,1412,414,18123,8069,4090,1594,1864,1594,6217,207,6515,580,709,8596,7663,2277,388,290,12894,228,228,316,228,442,678,5730,10093,2113,12894,610,610,220,491,220,1028,10775,1864,496,1900,465,670,8780,6292,6292,383,410,705,11953,1594,1606,1120,5306,717,725,1980,11450,11367,198,114,8076,155,4724,8822,1069,138,7536,7154,5880,1083,231,1576,442,12866,12866,11351,8419,644,709,183,8780,5396,12883,993,716,2273,1590,3136,246
"1715, chemin du Lavarin, Avignon, France",3131,3221,4538,18404,2494,3058,3048,3757,4533,2692,3056,18404,6183,3058,18429,5901,8374,2905,3069,9165,2674,13449,2792,3650,3063,0,2765,2568,1732,2615,2903,2239,3130,3094,11000,2450,8518,2775,2808,2989,3391,2403,2561,2583,2137,2806,18558,8224,3214,4563,4836,4563,8240,2892,8531,2533,2403,10201,8670,5050,2736,2794,11736,3058,3058,2814,3058,2979,2391,7067,10798,3056,11736,2456,2456,2863,2611,2863,3875,11325,4836,3384,4899,3095,2440,10353,8320,8320,2698,2670,2401,10888,4563,4555,3669,7112,2387,2379,4961,13339,13292,2951,3023,8339,3058,5800,10422,2023,2955,9288,8429,5709,3970,3127,4535,2674,11749,11749,13246,9996,3191,2403,3186,10353,7430,11779,2632,2348,1184,1505,1810,3085
"18 Boulevard Limbert, Avignon, France",586,992,2410,17031,869,896,916,1676,2505,431,852,17031,3431,1232,17049,3697,7096,974,832,6764,791,11020,919,1150,1094,2765,0,626,3251,851,722,1226,563,1154,9358,752,6002,878,716,957,1602,776,762,882,642,703,17177,7037,3035,2535,2781,2535,5702,1140,6000,769,776,7924,6790,3297,798,1109,11802,887,887,827,887,664,917,4924,9171,1029,11802,1048,1048,934,805,934,2087,9826,2781,972,2782,703,777,8098,5780,5780,1102,1099,792,10860,2535,2564,2214,4672,798,798,2881,10913,10846,898,1174,7058,1232,3814,8150,1317,972,6912,6352,4798,2123,928,2527,791,11773,11773,10816,7735,640,776,1035,8098,6487,11790,184,972,1684,1332,2258,885
"18ter, Rue Pétramale, Avignon, France",594,686,2135,17658,244,527,527,1340,2188,216,510,17658,3663,725,17675,3489,7718,466,515,7312,204,11548,367,1083,632,2568,626,0,2748,236,343,631,604,687,9982,154,6520,327,257,507,1130,197,136,260,782,251,17803,7656,3488,2219,2486,2219,6215,587,6513,142,197,8494,7408,2908,245,528,12333,523,523,316,523,411,311,5526,9796,1636,12333,424,424,416,190,416,1655,10452,2486,818,2514,528,177,8671,6292,6292,496,488,208,11399,2219,2234,1693,5223,220,225,2600,11441,11369,449,667,7681,725,4435,8720,771,494,7465,6955,5389,1715,591,2203,204,12309,12309,11344,8309,648,197,677,8671,5974,12328,462,373,1672,1062,2504,544
"2 Rue Mère Térésa, Avignon, France",3321,3167,4053,19864,2544,3036,3013,3418,3978,2954,3061,19864,6281,2830,19886,5297,9817,2827,3088,10013,2726,14272,2751,3650,2920,1732,3251,2748,0,2643,2975,2143,3337,2918,12326,2594,9251,2761,2887,2924,2987,2552,2659,2599,2815,2893,20015,9695,4793,4002,4247,4002,8950,2712,9248,2635,2552,11155,9865,4223,2774,2637,13461,3042,3042,2827,3042,3090,2448,8097,12129,3976,13461,2400,2400,2809,2668,2809,3308,12712,4247,3392,4347,3199,2572,11324,9027,9027,2554,2532,2540,12604,4002,3968,2954,7921,2528,2524,4371,14165,14097,2920,2828,9781,2830,6900,11381,1977,2879,10158,9511,7218,3416,3095,3964,2726,13471,13471,14068,10962,3365,2552,3098,11324,5990,13501,3070,2385,2381,2030,3368,3073
"2 bis rue Laboureur, Avignon, 84000",682,607,1993,17877,121,446,433,1192,2030,422,452,17877,3692,527,17894,3357,7947,300,471,7471,84,11693,184,1064,470,2615,851,236,2643,0,334,499,701,516,10196,207,6663,160,244,375,931,241,108,44,990,251,18022,7887,3713,2061,2331,2061,6355,372,6654,121,241,8664,7613,2718,133,299,12566,447,447,203,447,447,227,5719,10010,1870,12566,245,245,253,46,253,1462,10671,2331,793,2369,558,202,8843,6432,6432,259,251,235,11633,2061,2070,1470,5386,247,255,2449,11587,11511,335,474,7909,527,4645,8891,686,345,7626,7148,5625,1529,514,2041,84,12542,12542,11489,8481,723,241,570,8843,5747,12561,695,280,1804,1127,2692,476
"2 place Jérusalem, Avignon, 84000",365,347,1810,17664,444,198,208,1024,1874,339,170,17664,3363,510,17680,3156,7772,263,172,7167,252,11379,256,750,372,2903,722,343,2975,334,0,833,389,433,9969,454,6350,230,96,235,884,501,348,377,1080,96,17808,7722,3725,1905,2167,1905,6040,441,6339,376,501,8371,7370,2623,201,442,12522,192,192,158,192,119,549,5457,9785,1746,12522,575,575,236,315,236,1386,10458,2167,481,2189,224,466,8552,6117,6117,478,489,505,11581,1905,1925,1491,5087,519,526,2278,11273,11196,176,454,7734,510,4415,8597,1019,251,7326,6884,5515,1433,255,1891,252,12494,12494,11176,8190,397,501,352,8552,5768,12511,624,608,2012,1399,2811,206
"20 boulevard Saint Roch, Avignon, France",1179,1063,2299,18234,405,915,895,1519,2301,847,932,18234,4179,824,18252,3664,8262,719,957,7944,583,12177,625,1541,853,2239,1226,631,2143,499,833,0,1197,873,10575,482,7148,627,744,815,1156,452,523,456,1098,750,18381,8188,3793,2331,2604,2331,6841,663,7140,502,452,9126,8016,2888,631,567,12690,919,919,690,919,947,320,6148,10387,2174,12690,261,261,690,526,690,1660,11031,2604,1273,2663,1057,458,9302,6918,6918,471,443,436,11769,2331,2327,1536,5855,429,428,2728,12070,11996,797,794,8224,824,5038,9352,218,773,8097,7577,5861,1749,980,2305,583,12673,12673,11973,8940,1222,452,1007,9302,5709,12694,1046,259,1616,851,2627,950
"20, rue Carreterie, Avignon, 84000",31,485,1848,17305,793,458,485,1133,1947,439,409,17305,3068,831,17320,3136,7441,631,378,6778,617,10994,645,595,675,3130,563,604,3337,701,389,1197,0,729,9602,753,5964,619,461,565,1134,799,678,745,1122,452,17448,7400,3586,1977,2220,1977,5655,808,5954,702,799,7982,6996,2752,579,825,12303,447,447,547,447,270,889,5075,9420,1495,12303,947,947,616,671,616,1573,10100,2220,411,2219,210,773,8163,5732,5732,867,879,809,11355,1977,2009,1760,4698,822,827,2318,10888,10811,526,783,7403,831,4051,8208,1364,599,6936,6502,5241,1597,455,1970,617,12270,12270,10790,7801,76,799,551,8163,5991,12286,573,952,2141,1631,2810,429
"20, rue Saint-Etienne, Avignon, France",698,294,1478,18030,626,273,248,678,1514,761,322,18030,3363,109,18045,2845,8169,222,351,7406,494,11582,333,747,60,3094,1154,687,2918,516,433,873,729,0,10324,720,6560,367,462,198,453,757,607,535,1469,474,18173,8126,4150,1545,1815,1545,6246,213,6543,630,757,8632,7710,2220,443,306,12955,283,283,373,283,501,717,5775,10142,2173,12955,638,638,272,540,272,969,10826,1815,523,1854,519,718,8816,6321,6321,402,430,752,12014,1545,1556,1059,5342,763,771,1933,11478,11394,259,90,8131,109,4775,8858,1090,195,7570,7198,5940,1027,278,1526,494,12927,12927,11379,8456,695,757,211,8816,5335,12944,1053,751,2320,1628,3191,299
"203 avenue de la Rétanque, Avignon, France",9632,10045,10697,7724,10227,10059,10087,10452,10881,9775,10011,7724,8673,10430,7737,11116,2820,10228,9979,4315,10125,5232,10217,9757,10274,11000,9358,9982,12326,10196,9969,10575,9602,10324,0,10111,5189,10182,10008,10168,10664,10132,10116,10231,9588,9996,7864,3072,7899,10895,10973,10895,5414,10407,5277,10125,10132,3347,2656,11668,10115,10409,7257,10049,10049,10116,10049,9861,10274,4644,206,8424,7257,10406,10406,10205,10151,10205,10935,757,10973,9853,10874,9811,10135,3200,5394,5394,10428,10432,10148,6503,10895,10961,11260,5486,10153,10152,10980,5153,5279,10126,10385,2846,10430,5553,3289,10627,10201,4137,3358,5447,10900,10045,10920,10125,7100,7100,5130,3299,9629,10132,10125,3200,14984,7064,9534,10328,9982,10324,9205,10028
"21, place des Corps Saints, Avignon, France",742,776,2193,17780,136,613,606,1393,2234,366,606,17780,3803,735,17797,3556,7828,500,618,7464,234,11701,386,1204,671,2450,752,154,2594,207,454,482,753,720,10111,0,6673,355,358,564,1139,47,116,203,792,357,17926,7762,3521,2265,2535,2265,6368,578,6667,90,47,8643,7542,2926,294,499,12387,612,612,374,612,542,165,5667,9923,1739,12387,302,302,451,180,451,1670,10575,2535,935,2571,660,24,8819,6445,6445,441,425,55,11456,2265,2276,1668,5374,68,74,2652,11595,11522,516,681,7790,735,4566,8869,617,540,7616,7096,5474,1737,681,2246,234,12365,12365,11497,8457,794,47,752,8819,5938,12384,577,224,1602,949,2484,637
"229 rue Graham Bell, Avignon, France",5985,6267,6357,12568,6744,6351,6379,6406,6541,6308,6314,12568,3877,6669,12570,6373,4853,6560,6282,983,6579,5029,6601,5839,6531,8518,6002,6520,9251,6663,6350,7148,5964,6560,5189,6673,0,6579,6425,6472,6749,6712,6625,6707,6505,6416,12690,5066,6404,6546,6535,6546,320,6719,94,6645,6712,2292,2950,7193,6543,6763,11114,6343,6343,6508,6343,6230,6829,2088,5091,5462,11114,6908,6908,6559,6630,6559,6827,5915,6535,6037,6414,6137,6697,2496,255,255,6821,6836,6726,10170,6546,6615,7230,1429,6736,6739,6503,4923,4848,6454,6644,4830,6669,3161,2497,7287,6515,1179,2117,5204,6758,6309,6580,6579,11001,11001,4825,2183,5954,6712,6350,2496,10281,10985,6181,6892,7334,7294,7092,6314
"23, Rue de la Bancasse, Avignon, France",595,450,1838,17872,281,292,276,1037,1880,451,305,17872,3552,397,17889,3201,7964,145,330,7397,127,11609,42,917,316,2775,878,327,2761,160,230,627,619,367,10182,355,6579,0,173,214,802,395,241,193,1109,186,18017,7909,3813,1911,2180,1911,6269,267,6568,264,395,8601,7588,2583,85,232,12646,295,295,71,295,349,384,5680,9997,1908,12646,365,365,95,175,95,1329,10666,2180,647,2215,445,356,8781,6346,6346,250,260,391,11710,1911,1922,1370,5317,404,412,2296,11503,11425,177,340,7926,397,4628,8827,827,185,7556,7108,5675,1391,359,1892,127,12621,12621,11405,8420,625,395,410,8781,5654,12639,744,433,1958,1287,2826,325
"24 Rue de la Bonneterie, Avignon, France",440,429,1882,17699,349,270,272,1090,1939,301,253,17699,3458,523,17715,3233,7793,260,262,7237,160,11455,210,846,402,2808,716,257,2887,244,96,744,461,462,10008,358,6425,173,0,267,915,405,252,288,1017,13,17843,7740,3688,1971,2235,1971,6116,424,6415,280,405,8437,7415,2675,118,404,12503,267,267,111,267,202,454,5509,9823,1746,12503,489,489,218,221,218,1429,10492,2235,576,2261,315,370,8616,6193,6193,422,429,409,11564,1971,1988,1508,5155,423,430,2348,11349,11272,206,465,7755,523,4455,8663,926,267,7394,6937,5514,1482,334,1955,160,12477,12477,11251,8255,478,405,421,8616,5790,12494,596,513,1929,1305,2747,287
"24 place de l'Horloge, Avignon, France",535,248,1632,17869,495,120,93,834,1681,564,161,17869,3368,278,17885,2992,7992,97,194,7305,330,11499,198,729,137,2989,957,507,2924,375,235,815,565,198,10168,564,6472,214,267,0,651,606,448,406,1282,278,18013,7945,3953,1712,1979,1712,6160,249,6458,474,606,8521,7561,2408,271,294,12757,129,129,193,129,315,598,5636,9985,1979,12757,558,558,127,387,127,1162,10663,1979,468,2010,358,567,8704,6235,6235,369,392,604,11817,1712,1727,1256,5233,617,625,2094,11394,11313,61,224,7954,278,4616,8747,1024,44,7466,7061,5748,1215,171,1695,330,12729,12729,11295,8343,544,606,197,8704,5533,12746,855,643,2165,1502,3010,158
"25, allée Antoine Pinay, Avignon, France",1102,650,1150,18380,1025,707,686,431,1145,1215,753,18380,3360,405,18395,2509,8562,665,777,7622,929,11753,763,930,514,3391,1602,1130,2987,931,884,1156,1134,453,10664,1139,6749,802,915,651,0,1169,1034,939,1911,927,18522,8527,4604,1175,1448,1175,6431,562,6726,1052,1169,8869,8036,1787,884,651,13405,716,716,821,716,941,1097,6082,10486,2612,13405,978,978,714,965,714,531,11182,1448,813,1508,932,1132,9057,6505,6505,734,760,1160,12462,1175,1172,625,5583,1170,1178,1572,11649,11559,712,462,8524,405,5130,9094,1368,647,7791,7496,6372,604,686,1149,929,13375,13375,11550,8699,1084,1169,584,9057,4884,13392,1507,1115,2712,1983,3623,723
"25-27, place des Corps Saints, Avignon, France",788,821,2232,17798,149,658,651,1432,2271,403,653,17798,3851,767,17816,3596,7841,539,665,7500,277,11739,424,1251,709,2403,776,197,2552,241,501,452,799,757,10132,47,6712,395,405,606,1169,0,160,229,776,404,17944,7773,3508,2302,2572,2302,6407,606,6706,132,0,8677,7567,2956,338,524,12378,657,657,418,657,589,144,5696,9944,1750,12378,295,295,490,219,490,1700,10593,2572,982,2610,708,39,8853,6484,6484,459,441,16,11449,2302,2312,1688,5410,24,28,2690,11632,11561,559,714,7803,767,4590,8903,576,580,7652,7125,5478,1769,726,2282,277,12357,12357,11535,8490,840,0,796,8853,5952,12376,597,196,1563,903,2457,683
"26, rue des Trois Faucons, Avignon, France",663,661,2078,17793,119,498,491,1278,2121,342,494,17793,3708,628,17810,3440,7855,386,508,7424,118,11654,274,1097,557,2561,762,136,2659,108,348,523,678,607,10116,116,6625,241,252,448,1034,160,0,124,883,253,17938,7793,3605,2152,2421,2152,6318,478,6617,28,160,8611,7539,2819,178,407,12459,498,498,258,498,446,210,5652,9929,1772,12459,295,295,336,68,336,1563,10587,2421,827,2456,563,121,8789,6395,6395,365,354,160,11526,2152,2163,1578,5337,174,182,2538,11547,11473,399,573,7817,628,4567,8837,686,425,7578,7082,5524,1629,566,2133,118,12435,12435,11450,8427,710,160,636,8789,5855,12454,599,273,1718,1063,2590,523
"27 rue de la République, Avignon, 84000",727,642,2013,17911,91,483,469,1213,2047,456,491,17911,3734,538,17928,3379,7977,325,512,7513,128,11737,210,1104,492,2583,882,260,2599,44,377,456,745,535,10231,203,6707,193,288,406,939,229,124,0,994,295,18056,7916,3721,2078,2349,2078,6399,377,6697,128,229,8706,7651,2726,176,296,12580,485,485,242,485,491,191,5759,10045,1896,12580,201,201,280,81,280,1470,10705,2349,833,2389,601,193,8885,6475,6475,243,231,221,11648,2078,2086,1466,5428,231,239,2467,11630,11555,370,487,7939,538,4681,8932,644,373,7669,7188,5648,1540,551,2057,128,12557,12557,11533,8523,767,229,603,8885,5738,12576,722,241,1786,1099,2686,514
"276 rue du Jas, Avignon, France",1134,1421,2888,17209,925,1278,1285,2104,2954,752,1249,17209,4073,1506,17229,4222,7205,1249,1243,7226,983,11502,1148,1712,1412,2137,642,782,2815,990,1080,1098,1122,1469,9588,792,6505,1109,1017,1282,1911,776,883,994,0,1007,17357,7120,2732,2985,3247,2985,6214,1361,6510,869,776,8346,7076,3689,1027,1289,11610,1272,1272,1095,1272,1090,897,5281,9395,1171,11610,1055,1055,1198,952,1198,2437,10017,3247,1486,3267,1180,806,8513,6293,6293,1234,1217,789,10684,2985,3004,2460,5139,784,778,3357,11393,11333,1222,1449,7168,1506,4099,8571,1075,1274,7366,6699,4767,2496,1334,2971,983,11590,11590,11298,8151,1196,776,1432,8513,6729,11610,552,920,1042,794,1731,1285
"28 rue de la bonneterie, Avignon, France",432,435,1890,17686,353,277,280,1099,1949,289,259,17686,3456,536,17702,3240,7780,273,265,7228,166,11446,223,846,414,2806,703,251,2893,251,96,750,452,474,9996,357,6416,186,13,278,927,404,253,295,1007,0,17831,7727,3676,1980,2244,1980,6108,438,6406,281,404,8426,7403,2686,127,417,12490,273,273,124,273,197,457,5497,9811,1732,12490,496,496,231,226,231,1441,10479,2244,577,2269,312,369,8606,6184,6184,433,440,409,11551,1980,1997,1521,5145,422,430,2356,11340,11263,217,478,7742,536,4442,8653,930,280,7385,6926,5501,1493,340,1964,166,12464,12464,11242,8244,472,404,429,8606,5803,12481,583,517,1923,1303,2737,293
"29 place de la Poste, Avignon, France",17478,17898,18555,161,18046,17906,17934,18316,18739,17600,17858,161,16429,18278,129,18911,10198,18069,17826,11717,17954,9788,18053,17619,18123,18558,17177,17803,20015,18022,17808,18381,17448,18173,7864,17926,12690,18017,17843,18013,18522,17944,17938,18056,17357,17831,0,10334,15353,18753,18824,18753,12969,18249,12764,17946,17944,10453,10515,19518,17947,18247,9933,17896,17896,17952,17896,17703,18088,12502,8038,16211,9933,18225,18225,18044,17977,18044,18799,7351,18824,17710,18722,17658,17950,10251,12929,12929,18260,18263,17960,9961,18753,18819,19122,13272,17965,17963,18827,9803,10000,17969,18232,10235,18278,13398,10280,18416,18045,11520,11162,12848,18765,17895,18778,17954,9771,9771,9867,10524,17478,17944,17977,10251,22807,9709,17348,18139,17637,18061,16749,17876
"29 rue Théodore Aubanel, Avignon, France",7431,7878,8835,10181,7891,7852,7878,8409,9004,7468,7803,10181,7396,8222,10205,9569,299,7986,7774,4645,7828,7527,7949,7697,8069,8224,7037,7656,9695,7887,7722,8188,7400,8126,3072,7762,5066,7909,7740,7945,8527,7773,7793,7916,7120,7727,10334,0,5029,9024,9164,9024,5124,8162,5158,7796,7773,4512,2310,9844,7832,8142,6059,7842,7842,7852,7842,7630,7917,3381,2868,6023,6059,8064,8064,7953,7840,7953,8895,3189,9164,7724,9090,7608,7785,4502,5149,5149,8139,8137,7789,5107,9024,9083,9150,4512,7791,7789,9202,7427,7495,7894,8170,295,8222,3578,4617,8195,7971,4563,3017,2520,8885,7855,9040,7828,5952,5952,7372,4331,7444,7773,7950,4502,13220,5940,7194,7961,7314,7779,6415,7827
"2968, Avenue de l'Amandier, Avignon, France",3613,4025,5427,15199,3656,3916,3931,4712,5533,3389,3875,15199,5622,4207,15224,6646,5196,3942,3858,6802,3692,10964,3854,4134,4090,3214,3035,3488,4793,3713,3725,3793,3586,4150,7899,3521,6404,3813,3688,3953,4604,3508,3605,3721,2732,3676,15353,5029,0,5563,5801,5563,6196,4076,6447,3593,3508,7610,5766,6332,3728,4012,8901,3907,3907,3785,3907,3690,3629,4533,7694,2194,8901,3786,3786,3894,3671,3894,5111,8171,5801,3997,5790,3738,3537,7730,6270,6270,3963,3947,3521,7989,5563,5595,5182,4998,3517,3510,5894,10853,10840,3892,4148,5161,4207,3275,7816,3709,3956,6879,5708,2509,5154,3955,5557,3692,8888,8888,10769,7394,3659,3508,4062,7730,9460,8910,3101,3647,2465,3117,1427,3910
"3 place Saint-Marc, Avignon, France",1951,1568,197,18616,2168,1706,1700,881,31,2239,1737,18616,2799,1545,18627,1341,9023,1765,1745,7481,2036,11441,1879,1448,1594,4563,2535,2219,4002,2061,1905,2331,1977,1545,10895,2265,6546,1911,1971,1712,1175,2302,2152,2078,2985,1980,18753,9024,5563,0,273,0,6226,1713,6507,2175,2302,8774,8239,825,1981,1809,14202,1712,1712,1905,1712,1906,2253,6251,10729,3429,14202,2146,2146,1815,2086,1815,706,11467,273,1565,346,1838,2263,8971,6292,6292,1899,1926,2297,13244,0,69,1056,5560,2308,2316,397,11341,11234,1770,1592,8986,1545,5491,8993,2543,1729,7664,7609,7061,602,1652,41,2036,14162,14162,11241,8623,1903,2302,1553,8971,4195,14174,2498,2277,3864,3153,4716,1701
"3 rue de la République, Villeneuve-lez-Avignon, 30400",2195,1827,373,18688,2439,1969,1964,1146,303,2498,1998,18688,2733,1817,18698,1072,9155,2035,2005,7482,2305,11391,2148,1671,1864,4836,2781,2486,4247,2331,2167,2604,2220,1815,10973,2535,6535,2180,2235,1979,1448,2572,2421,2349,3247,2244,18824,9164,5801,273,0,273,6216,1986,6493,2444,2572,8781,8317,695,2249,2082,14400,1975,1975,2172,1975,2164,2525,6329,10810,3651,14400,2419,2419,2084,2355,2084,971,11556,0,1809,130,2091,2534,8980,6281,6281,2172,2199,2567,13439,273,284,1292,5597,2578,2587,126,11294,11183,2036,1864,9118,1817,5614,8999,2816,1997,7667,7669,7245,870,1913,300,2305,14357,14357,11193,8636,2145,2572,1815,8980,4061,14369,2752,2550,4135,3426,4978,1962
"3, Place Saint-Marc, Avignon, France",1951,1568,197,18616,2168,1706,1700,881,31,2239,1737,18616,2799,1545,18627,1341,9023,1765,1745,7481,2036,11441,1879,1448,1594,4563,2535,2219,4002,2061,1905,2331,1977,1545,10895,2265,6546,1911,1971,1712,1175,2302,2152,2078,2985,1980,18753,9024,5563,0,273,0,6226,1713,6507,2175,2302,8774,8239,825,1981,1809,14202,1712,1712,1905,1712,1906,2253,6251,10729,3429,14202,2146,2146,1815,2086,1815,706,11467,273,1565,346,1838,2263,8971,6292,6292,1899,1926,2297,13244,0,69,1056,5560,2308,2316,397,11341,11234,1770,1592,8986,1545,5491,8993,2543,1729,7664,7609,7061,602,1652,41,2036,14162,14162,11241,8623,1903,2302,1553,8971,4195,14174,2498,2277,3864,3153,4716,1701
"311 chemin des Petits Rougiers, Avignon, France",5676,5954,6037,12846,6437,6039,6067,6088,6221,6003,6002,12846,3565,6354,12848,6063,4925,6248,5970,1286,6271,5339,6290,5523,6217,8240,5702,6215,8950,6355,6040,6841,5655,6246,5414,6368,320,6269,6116,6160,6431,6407,6318,6399,6214,6108,12969,5124,6196,6226,6216,6226,0,6406,298,6339,6407,2598,3087,6875,6234,6451,11182,6031,6031,6198,6031,5921,6523,2002,5309,5184,11182,6600,6600,6248,6322,6248,6507,6131,6216,5722,6096,5826,6392,2801,79,79,6510,6525,6421,10231,6226,6295,6910,1198,6431,6434,6184,5233,5155,6143,6330,4900,6354,2985,2806,6983,6203,1480,2246,5105,6438,5997,6260,6271,11073,11073,5135,2480,5644,6407,6036,2801,9974,11060,5881,6586,7056,7000,6841,6002
"32 rue Joseph Vernet, Avignon, 84000",780,463,1661,18104,462,369,341,867,1683,717,411,18104,3569,169,18121,3029,8213,179,444,7554,383,11745,225,940,207,2892,1140,587,2712,372,441,663,808,213,10407,578,6719,267,424,249,562,606,478,377,1361,438,18249,8162,4076,1713,1986,1713,6406,0,6704,494,606,8771,7804,2349,352,97,12914,378,378,313,378,546,539,5883,10224,2170,12914,438,438,208,409,208,1093,10899,1986,696,2033,605,570,8953,6482,6482,194,222,598,11978,1713,1718,1105,5482,607,616,2106,11640,11558,282,131,8175,169,4854,8997,881,210,7716,7309,5939,1164,410,1691,383,12889,12889,11541,8593,793,606,388,8953,5387,12907,1012,564,2154,1442,3063,406
"322 avenue de Saint Tronquet, Avignon, France",5975,6251,6319,12643,6735,6337,6365,6380,6503,6302,6300,12643,3825,6651,12644,6318,4946,6546,6268,1050,6569,5041,6588,5819,6515,8531,6000,6513,9248,6654,6339,7140,5954,6543,5277,6667,94,6568,6415,6458,6726,6706,6617,6697,6510,6406,12764,5158,6447,6507,6493,6507,298,6704,0,6637,6706,2354,3044,7148,6533,6749,11207,6329,6329,6496,6329,6219,6822,2160,5180,5475,11207,6899,6899,6546,6620,6546,6798,6004,6493,6020,6372,6125,6690,2558,222,222,6808,6824,6719,10263,6507,6577,7202,1461,6730,6733,6459,4935,4857,6441,6627,4923,6651,3213,2556,7281,6501,1247,2211,5275,6728,6294,6542,6569,11094,11094,4837,2250,5942,6706,6333,2558,10224,11079,6179,6885,7347,7297,7118,6300
"34, rue des Trois Faucons, Avignon, France",688,689,2102,17800,102,526,518,1302,2144,355,522,17800,3736,648,17818,3465,7859,409,536,7443,144,11674,296,1125,580,2533,769,142,2635,121,376,502,702,630,10125,90,6645,264,280,474,1052,132,28,128,869,281,17946,7796,3593,2175,2444,2175,6339,494,6637,0,132,8628,7550,2839,205,420,12451,525,525,285,525,473,186,5666,9939,1774,12451,282,282,360,89,360,1583,10595,2444,855,2480,590,94,8806,6416,6416,372,359,133,11519,2175,2186,1591,5355,146,154,2561,11568,11494,426,593,7821,648,4577,8855,661,449,7597,7095,5522,1649,594,2156,144,12428,12428,11470,8444,736,132,663,8806,5866,12447,602,249,1693,1035,2571,551
"34- 36  Place des Corps Saints, Avignon, France",788,821,2232,17798,149,658,651,1432,2271,403,653,17798,3851,767,17816,3596,7841,539,665,7500,277,11739,424,1251,709,2403,776,197,2552,241,501,452,799,757,10132,47,6712,395,405,606,1169,0,160,229,776,404,17944,7773,3508,2302,2572,2302,6407,606,6706,132,0,8677,7567,2956,338,524,12378,657,657,418,657,589,144,5696,9944,1750,12378,295,295,490,219,490,1700,10593,2572,982,2610,708,39,8853,6484,6484,459,441,16,11449,2302,2312,1688,5410,24,28,2690,11632,11561,559,714,7803,767,4590,8903,576,580,7652,7125,5478,1769,726,2282,277,12357,12357,11535,8490,840,0,796,8853,5952,12376,597,196,1563,903,2457,683
"35 rue notre dame, Avignon, France",8007,8338,8581,10336,8730,8401,8430,8558,8767,8278,8359,10336,6161,8742,10334,8661,4226,8602,8327,1312,8582,3363,8627,7942,8596,10201,7924,8494,11155,8664,8371,9126,7982,8632,3347,8643,2292,8601,8437,8521,8869,8677,8611,8706,8346,8426,10453,4512,7610,8774,8781,8774,2598,8771,2354,8628,8677,0,2262,9450,8554,8803,10170,8392,8392,8529,8392,8253,8805,3141,3316,7215,10170,8904,8904,8594,8626,8594,9001,4104,8781,8113,8664,8171,8667,204,2544,2544,8849,8861,8691,9301,8774,8843,9389,3289,8700,8702,8756,3252,3256,8495,8710,4221,8742,4427,226,9239,8562,1119,1932,5736,8940,8367,8806,8582,10032,10032,3172,217,7984,8677,8421,204,12572,10006,8108,8867,9043,9140,8587,8365
"361 allée Louis Montagnat, Avignon, France",7025,7427,8042,10377,7653,7449,7478,7810,8225,7196,7403,10377,6062,7817,10389,8478,2044,7626,7370,2370,7539,5495,7622,7121,7663,8670,6790,7408,9865,7613,7370,8016,6996,7710,2656,7542,2950,7588,7415,7561,8036,7567,7539,7651,7076,7403,10515,2310,5766,8239,8317,8239,3087,7804,3044,7550,7567,2262,0,9012,7525,7812,8237,7439,7439,7521,7439,7259,7707,1988,2495,5905,8237,7832,7832,7606,7570,7606,8291,3265,8317,7228,8218,7203,7567,2290,3091,3091,7837,7843,7583,7316,8239,8305,8625,2885,7589,7589,8324,5388,5424,7522,7774,2032,7817,2981,2401,8084,7596,2270,840,3609,8254,7432,8264,7539,8115,8115,5320,2064,7019,7567,7508,2290,12332,8096,6970,7763,7581,7840,6931,7417
"37 rue Camp de Bataille, Avignon, France",2724,2308,1010,19382,2811,2427,2415,1620,849,2962,2465,19382,3352,2190,19392,1210,9839,2441,2478,8147,2711,12006,2546,2257,2277,5050,3297,2908,4223,2718,2623,2888,2752,2220,11668,2926,7193,2583,2675,2408,1787,2956,2819,2726,3689,2686,19518,9844,6332,825,695,825,6875,2349,7148,2839,2956,9450,9012,0,2663,2436,15018,2434,2434,2593,2434,2645,2880,7024,11505,4228,15018,2750,2750,2492,2750,2492,1256,12252,695,2344,796,2593,2919,9650,6938,6938,2514,2538,2947,14062,825,773,1381,6284,2957,2965,696,11910,11794,2469,2246,9802,2190,6302,9666,3082,2415,8334,8361,7885,1193,2382,816,2711,14979,14979,11809,9308,2681,2956,2276,9650,3376,14993,3239,2892,4487,3737,5409,2429
"37 rue de la Saraillerie, Avignon, France",558,485,1903,17803,249,322,313,1104,1950,368,322,17803,3559,481,17819,3264,7888,221,340,7355,61,11573,127,933,388,2736,798,245,2774,133,201,631,579,443,10115,294,6543,85,118,271,884,338,178,176,1027,127,17947,7832,3728,1981,2249,1981,6234,352,6533,205,338,8554,7525,2663,0,311,12561,322,322,80,322,317,356,5622,9930,1827,12561,373,373,171,124,171,1410,10596,2249,662,2282,425,299,8734,6311,6311,313,317,337,11625,1981,1995,1456,5273,350,359,2365,11467,11390,221,423,7850,481,4562,8780,820,252,7513,7051,5592,1470,390,1964,61,12536,12536,11369,8372,595,338,458,8734,5739,12554,661,412,1894,1240,2748,349
"3B rue de la Petite Calade, Avignon, France",799,530,1758,18102,376,414,387,965,1778,680,449,18102,3648,266,18118,3126,8197,203,481,7591,328,11791,194,1012,290,2794,1109,528,2637,299,442,567,825,306,10409,499,6763,232,404,294,651,524,407,296,1289,417,18247,8142,4012,1809,2082,1809,6451,97,6749,420,524,8803,7812,2436,311,0,12861,421,421,294,421,556,447,5899,10225,2138,12861,340,340,209,341,209,1181,10896,2082,759,2129,631,489,8984,6527,6527,96,124,514,11927,1809,1813,1171,5516,522,530,2203,11685,11605,309,228,8159,266,4856,9029,785,250,7752,7326,5903,1255,464,1786,328,12837,12837,11587,8623,819,524,461,8984,5448,12855,970,468,2062,1345,2981,452
"4 Place Jean Jaurès, Avignon, France",12333,12779,14035,9778,12523,12698,12718,13428,14175,12202,12652,9778,13161,13027,9829,15031,6261,12763,12630,10606,12534,12485,12688,12761,12894,11736,11802,12333,13461,12566,12522,12690,12303,12955,7257,12387,11114,12646,12503,12757,13405,12378,12459,12580,11610,12490,9933,6059,8901,14202,14400,14202,11182,12914,11207,12451,12378,10170,8237,15018,12561,12861,0,12689,12689,12608,12689,12465,12507,9393,7172,10807,0,12665,12665,12718,12522,12718,13876,6666,14400,12696,14356,12487,12404,10093,11206,11206,12823,12810,12393,979,14202,14248,14012,10527,12390,12384,14468,12408,12536,12697,12968,6284,13027,9265,10203,12610,12768,10496,9025,7186,13899,12725,14206,12534,177,177,12387,10035,12367,12378,12831,10093,18289,234,11907,12531,11309,12009,10212,12685
"4 Place de l'Amirande, Avignon, France",417,164,1618,17752,568,10,38,832,1681,529,38,17752,3259,383,17768,2967,7886,219,69,7176,384,11370,294,622,228,3058,887,523,3042,447,192,919,447,283,10049,612,6343,295,267,129,716,657,498,485,1272,273,17896,7842,3907,1712,1975,1712,6031,378,6329,525,657,8392,7439,2434,322,421,12689,0,0,245,0,224,674,5511,9867,1896,12689,658,658,232,447,232,1204,10547,1975,354,1997,237,619,8575,6106,6106,491,511,658,11745,1712,1732,1336,5104,672,680,2086,11265,11184,122,335,7848,383,4498,8618,1122,172,7337,6936,5660,1247,68,1698,384,12659,12659,11166,8214,420,657,160,8575,5600,12676,806,726,2196,1561,3003,31
"4 place de l'Amirande, Avignon, France",417,164,1618,17752,568,10,38,832,1681,529,38,17752,3259,383,17768,2967,7886,219,69,7176,384,11370,294,622,228,3058,887,523,3042,447,192,919,447,283,10049,612,6343,295,267,129,716,657,498,485,1272,273,17896,7842,3907,1712,1975,1712,6031,378,6329,525,657,8392,7439,2434,322,421,12689,0,0,245,0,224,674,5511,9867,1896,12689,658,658,232,447,232,1204,10547,1975,354,1997,237,619,8575,6106,6106,491,511,658,11745,1712,1732,1336,5104,672,680,2086,11265,11184,122,335,7848,383,4498,8618,1122,172,7337,6936,5660,1247,68,1698,384,12659,12659,11166,8214,420,657,160,8575,5600,12676,806,726,2196,1561,3003,31
"4, Place de la Principale, Avignon, France",524,406,1825,17808,324,244,233,1027,1874,406,248,17808,3492,422,17824,3184,7904,156,269,7326,141,11537,101,861,316,2814,827,316,2827,203,158,690,547,373,10116,374,6508,71,111,193,821,418,258,242,1095,124,17952,7852,3785,1905,2172,1905,6198,313,6496,285,418,8529,7521,2593,80,294,12608,245,245,0,245,277,430,5611,9931,1856,12608,429,429,110,203,110,1342,10601,2172,590,2204,375,379,8710,6274,6274,320,331,418,11670,1905,1919,1404,5246,431,439,2287,11431,11354,141,363,7866,422,4562,8756,885,178,7484,7039,5625,1400,312,1888,141,12582,12582,11333,8348,554,418,377,8710,5688,12600,702,483,1973,1320,2820,273
"4, place de l'Amirande, Avignon, France",417,164,1618,17752,568,10,38,832,1681,529,38,17752,3259,383,17768,2967,7886,219,69,7176,384,11370,294,622,228,3058,887,523,3042,447,192,919,447,283,10049,612,6343,295,267,129,716,657,498,485,1272,273,17896,7842,3907,1712,1975,1712,6031,378,6329,525,657,8392,7439,2434,322,421,12689,0,0,245,0,224,674,5511,9867,1896,12689,658,658,232,447,232,1204,10547,1975,354,1997,237,619,8575,6106,6106,491,511,658,11745,1712,1732,1336,5104,672,680,2086,11265,11184,122,335,7848,383,4498,8618,1122,172,7337,6936,5660,1247,68,1698,384,12659,12659,11166,8214,420,657,160,8575,5600,12676,806,726,2196,1561,3003,31
"41 – 43 rue Carnot, Avignon, France",246,339,1800,17559,551,233,255,1031,1876,339,187,17559,3263,592,17575,3132,7677,366,168,7048,363,11260,374,672,442,2979,664,411,3090,447,119,947,270,501,9861,542,6230,349,202,315,941,589,446,491,1090,197,17703,7630,3690,1906,2164,1906,5921,546,6219,473,589,8253,7259,2645,317,556,12465,224,224,277,224,0,654,5342,9678,1673,12465,690,690,347,423,347,1424,10353,2164,413,2178,118,557,8433,5997,5997,596,608,596,11521,1906,1930,1559,4968,609,616,2271,11154,11076,266,539,7639,592,4308,8479,1127,343,7206,6770,5438,1463,264,1895,363,12435,12435,11056,8072,278,589,372,8433,5824,12452,593,714,2057,1473,2817,221
"43 rue de la république, Avignon, France",874,834,2194,17942,106,673,660,1395,2222,527,678,17942,3912,707,17959,3562,7985,515,697,7624,298,11858,401,1290,678,2391,917,311,2448,227,549,320,889,717,10274,165,6829,384,454,598,1097,144,210,191,897,457,18088,7917,3629,2253,2525,2253,6523,539,6822,186,144,8805,7707,2880,356,447,12507,674,674,430,674,654,0,5833,10087,1894,12507,158,158,472,234,472,1627,10737,2525,1019,2568,769,140,8982,6600,6600,366,342,127,11579,2253,2258,1586,5535,125,128,2644,11751,11678,562,660,7947,707,4731,9032,475,564,7777,7262,5618,1702,741,2231,298,12486,12486,11654,8620,921,144,795,8982,5836,12506,740,63,1615,911,2547,703
"450 allée de Cassagne, Avignon, France",5103,5487,6054,12364,5769,5521,5550,5839,6237,5311,5475,12364,4152,5884,12375,6514,3245,5706,5443,2277,5642,6457,5712,5159,5730,7067,4924,5526,8097,5719,5457,6148,5075,5775,4644,5667,2088,5680,5509,5636,6082,5696,5652,5759,5281,5497,12502,3381,4533,6251,6329,6251,2002,5883,2160,5666,5696,3141,1988,7024,5622,5899,9393,5511,5511,5611,5511,5342,5833,0,4481,4125,9393,5948,5948,5690,5677,5690,6317,5237,6329,5280,6230,5278,5692,3287,2055,2055,5931,5938,5712,8425,6251,6317,6660,1134,5719,5720,6337,6346,6323,5600,5844,3214,5884,1288,3360,6237,5673,2346,1429,3116,6276,5499,6276,5642,9297,9297,6259,2932,5091,5696,5569,3287,10350,9289,5107,5891,5919,6068,5447,5487
"49 rue porte de Jonquerettes, Avignon, France",9450,9865,10531,7897,10040,9877,9905,10278,10714,9589,9829,7897,8531,10248,7911,10966,2614,10045,9797,4236,9939,5334,10033,9581,10093,10798,9171,9796,12129,10010,9785,10387,9420,10142,206,9923,5091,9997,9823,9985,10486,9944,9929,10045,9395,9811,8038,2868,7694,10729,10810,10729,5309,10224,5180,9939,9944,3316,2495,11505,9930,10225,7172,9867,9867,9931,9867,9678,10087,4481,0,8233,7172,10219,10219,10021,9965,10021,10761,823,10810,9674,10712,9629,9947,3179,5291,5291,10243,10246,9960,6401,10729,10795,11084,5344,9965,9964,10819,5253,5373,9943,10203,2641,10248,5369,3272,10436,10018,4062,3219,5240,10728,9864,10753,9939,7017,7017,5226,3255,9448,9944,9944,3179,14828,6982,9346,10140,9782,10130,9002,9846
"5 Rue Cabassole, Avignon, France",1525,1974,3278,16064,1868,1906,1928,2622,3400,1458,1858,16064,3607,2256,16082,4456,6091,2002,1834,6131,1816,10415,1949,1981,2113,3056,1029,1636,3976,1870,1746,2174,1495,2173,8424,1739,5462,1908,1746,1979,2612,1750,1772,1896,1171,1732,16211,6023,2194,3429,3651,3429,5184,2170,5475,1774,1750,7215,5905,4228,1827,2138,10807,1896,1896,1856,1896,1673,1894,4125,8233,0,10807,2041,2041,1964,1823,1964,3069,8864,3651,1890,3629,1683,1761,7377,5263,5263,2126,2121,1766,9859,3429,3469,3232,4062,1769,1767,3736,10305,10253,1922,2200,6053,2256,2929,7439,2206,1997,6261,5536,3769,3091,1926,3428,1816,10775,10775,10212,7016,1559,1750,2031,7377,7486,10790,1174,1940,1871,1945,1880,1889
"5 place Jean Jaurès, Avignon, France",12333,12779,14035,9778,12523,12698,12718,13428,14175,12202,12652,9778,13161,13027,9829,15031,6261,12763,12630,10606,12534,12485,12688,12761,12894,11736,11802,12333,13461,12566,12522,12690,12303,12955,7257,12387,11114,12646,12503,12757,13405,12378,12459,12580,11610,12490,9933,6059,8901,14202,14400,14202,11182,12914,11207,12451,12378,10170,8237,15018,12561,12861,0,12689,12689,12608,12689,12465,12507,9393,7172,10807,0,12665,12665,12718,12522,12718,13876,6666,14400,12696,14356,12487,12404,10093,11206,11206,12823,12810,12393,979,14202,14248,14012,10527,12390,12384,14468,12408,12536,12697,12968,6284,13027,9265,10203,12610,12768,10496,9025,7186,13899,12725,14206,12534,177,177,12387,10035,12367,12378,12831,10093,18289,234,11907,12531,11309,12009,10212,12685
"5 rue Violette, Avignon, France",928,805,2098,18079,179,655,636,1305,2115,637,671,18079,3918,607,18096,3467,8131,464,695,7713,330,11938,365,1280,610,2456,1048,424,2400,245,575,261,947,638,10406,302,6908,365,489,558,978,295,295,201,1055,496,18225,8064,3786,2146,2419,2146,6600,438,6899,282,295,8904,7832,2750,373,340,12665,658,658,429,658,690,158,5948,10219,2041,12665,0,0,432,279,432,1502,10874,2419,1012,2469,798,279,9082,6677,6677,247,219,279,11737,2146,2148,1439,5627,279,284,2541,11832,11756,537,568,8093,607,4859,9130,465,518,7868,7377,5773,1582,720,2122,330,12645,12645,11734,8720,968,295,753,9082,5681,12664,877,144,1737,1007,2691,689
"5 rue Violette, Avignon, 84000",928,805,2098,18079,179,655,636,1305,2115,637,671,18079,3918,607,18096,3467,8131,464,695,7713,330,11938,365,1280,610,2456,1048,424,2400,245,575,261,947,638,10406,302,6908,365,489,558,978,295,295,201,1055,496,18225,8064,3786,2146,2419,2146,6600,438,6899,282,295,8904,7832,2750,373,340,12665,658,658,429,658,690,158,5948,10219,2041,12665,0,0,432,279,432,1502,10874,2419,1012,2469,798,279,9082,6677,6677,247,219,279,11737,2146,2148,1439,5627,279,284,2541,11832,11756,537,568,8093,607,4859,9130,465,518,7868,7377,5773,1582,720,2122,330,12645,12645,11734,8720,968,295,753,9082,5681,12664,877,144,1737,1007,2691,689
"5 rue de la république, Avignon, France",589,373,1742,17900,371,227,205,942,1784,516,252,17900,3489,312,17916,3106,8005,50,282,7385,221,11588,70,850,220,2863,934,416,2809,253,236,690,616,272,10205,451,6559,95,218,127,714,490,336,280,1198,231,18044,7953,3894,1815,2084,1815,6248,208,6546,360,490,8594,7606,2492,171,209,12718,232,232,110,232,347,472,5690,10021,1964,12718,432,432,0,271,0,1239,10694,2084,585,2120,423,451,8776,6324,6324,263,281,486,11780,1815,1827,1294,5308,498,507,2201,11482,11403,110,254,7967,312,4651,8820,898,92,7544,7117,5732,1299,289,1797,221,12692,12692,11384,8414,610,490,324,8776,5577,12710,812,516,2053,1379,2918,263
"5, rue Laboureur, Avignon, 84000",653,609,2013,17832,128,447,436,1213,2054,377,447,17832,3678,560,17849,3377,7901,320,464,7434,64,11659,207,1057,491,2611,805,190,2668,46,315,526,671,540,10151,180,6630,175,221,387,965,219,68,81,952,226,17977,7840,3671,2086,2355,2086,6322,409,6620,89,219,8626,7570,2750,124,341,12522,447,447,203,447,423,234,5677,9965,1823,12522,279,279,271,0,271,1495,10625,2355,786,2391,537,180,8804,6399,6399,305,298,217,11588,2086,2096,1511,5349,229,238,2472,11553,11478,342,504,7863,560,4600,8852,704,361,7590,7106,5579,1560,515,2066,64,12498,12498,11455,8442,696,219,579,8804,5789,12516,648,292,1782,1117,2658,474
"5, rue de la République, Avignon, France",589,373,1742,17900,371,227,205,942,1784,516,252,17900,3489,312,17916,3106,8005,50,282,7385,221,11588,70,850,220,2863,934,416,2809,253,236,690,616,272,10205,451,6559,95,218,127,714,490,336,280,1198,231,18044,7953,3894,1815,2084,1815,6248,208,6546,360,490,8594,7606,2492,171,209,12718,232,232,110,232,347,472,5690,10021,1964,12718,432,432,0,271,0,1239,10694,2084,585,2120,423,451,8776,6324,6324,263,281,486,11780,1815,1827,1294,5308,498,507,2201,11482,11403,110,254,7967,312,4651,8820,898,92,7544,7117,5732,1299,289,1797,221,12692,12692,11384,8414,610,490,324,8776,5577,12710,812,516,2053,1379,2918,263
"5, rue du Vieux Moulin, Avignon, France",1543,1098,745,18659,1555,1195,1180,488,679,1724,1237,18659,3249,935,18672,2043,8918,1188,1255,7731,1456,11793,1291,1200,1028,3875,2087,1655,3308,1462,1386,1660,1573,969,10935,1670,6827,1329,1429,1162,531,1700,1563,1470,2437,1441,18799,8895,5111,706,971,706,6507,1093,6798,1583,1700,9001,8291,1256,1410,1181,13876,1204,1204,1342,1204,1424,1627,6317,10761,3069,13876,1502,1502,1239,1495,1239,0,11475,971,1192,1053,1390,1663,9193,6578,6578,1262,1287,1692,12928,706,686,426,5735,1701,1709,1097,11691,11593,1223,990,8880,935,5437,9224,1866,1165,7906,7713,6803,107,1159,672,1456,13844,13844,11591,8839,1511,1700,1052,9193,4418,13859,2009,1642,3239,2501,4154,1203
"51 avenue du Mont-Ventoux, Avignon, France",10130,10553,11270,7206,10695,10558,10586,10989,11451,10248,10510,7206,9322,10930,7223,11742,2985,10719,10478,5057,10602,5832,10702,10286,10775,11325,9826,10452,12712,10671,10458,11031,10100,10826,757,10575,5915,10666,10492,10663,11182,10593,10587,10705,10017,10479,7351,3189,8171,11467,11556,11467,6131,10899,6004,10595,10593,4104,3265,12252,10596,10896,6666,10547,10547,10601,10547,10353,10737,5237,823,8864,6666,10874,10874,10694,10625,10694,11475,0,11556,10368,11461,10310,10599,3956,6113,6113,10909,10911,10610,5962,11467,11532,11786,6137,10614,10613,11569,5759,5897,10619,10883,3017,10930,6052,4043,11071,10695,4882,4019,5676,11445,10548,11490,10602,6504,6504,5745,4056,10131,10593,10631,3956,15588,6463,9997,10788,10348,10733,9519,10528
"53 rue de la République, Villeneuve-lez-Avignon, 30400",2195,1827,373,18688,2439,1969,1964,1146,303,2498,1998,18688,2733,1817,18698,1072,9155,2035,2005,7482,2305,11391,2148,1671,1864,4836,2781,2486,4247,2331,2167,2604,2220,1815,10973,2535,6535,2180,2235,1979,1448,2572,2421,2349,3247,2244,18824,9164,5801,273,0,273,6216,1986,6493,2444,2572,8781,8317,695,2249,2082,14400,1975,1975,2172,1975,2164,2525,6329,10810,3651,14400,2419,2419,2084,2355,2084,971,11556,0,1809,130,2091,2534,8980,6281,6281,2172,2199,2567,13439,273,284,1292,5597,2578,2587,126,11294,11183,2036,1864,9118,1817,5614,8999,2816,1997,7667,7669,7245,870,1913,300,2305,14357,14357,11193,8636,2145,2572,1815,8980,4061,14369,2752,2550,4135,3426,4978,1962
"57 rue Banasterie, Avignon, 84000",385,233,1438,17567,912,358,380,732,1535,743,342,17567,2905,632,17582,2742,7755,565,321,6884,721,11059,648,271,496,3384,972,818,3392,793,481,1273,411,523,9853,935,6037,647,576,468,813,982,827,833,1486,577,17710,7724,3997,1565,1809,1565,5722,696,6020,855,982,8113,7228,2344,662,759,12696,354,354,590,354,413,1019,5280,9674,1890,12696,1012,1012,585,786,585,1192,10368,1809,0,1811,307,946,8299,5797,5797,838,860,986,11745,1565,1598,1428,4823,999,1007,1909,10954,10871,476,608,7717,632,4316,8339,1475,513,7048,6699,5611,1205,297,1559,721,12662,12662,10856,7939,338,982,313,8299,5608,12676,956,1073,2468,1879,3199,323
"58 rue de la République, Villeneuve-lez-Avignon, 30400",2195,1845,379,18587,2480,1992,1989,1178,373,2516,2019,18587,2605,1863,18596,1001,9077,2071,2024,7363,2339,11264,2185,1656,1900,4899,2782,2514,4347,2369,2189,2663,2219,1854,10874,2571,6414,2215,2261,2010,1508,2610,2456,2389,3267,2269,18722,9090,5790,346,130,346,6096,2033,6372,2480,2610,8664,8218,796,2282,2129,14356,1997,1997,2204,1997,2178,2568,6230,10712,3629,14356,2469,2469,2120,2391,2120,1053,11461,130,1811,0,2100,2571,8863,6160,6160,2222,2249,2605,13393,346,378,1396,5488,2617,2625,113,11167,11055,2065,1908,9040,1863,5533,8881,2876,2031,7549,7565,7193,948,1934,382,2339,14312,14312,11066,8520,2143,2610,1839,8863,4144,14324,2761,2597,4173,3475,4996,1983
"6, rue Saluces, Avignon, 84000",179,292,1724,17514,665,248,275,973,1808,435,200,17514,3145,620,17530,3043,7651,431,168,6961,476,11166,463,558,465,3095,703,528,3199,558,224,1057,210,519,9811,660,6137,445,315,358,932,708,563,601,1180,312,17658,7608,3738,1838,2091,1838,5826,605,6125,590,708,8171,7203,2593,425,631,12487,237,237,375,237,118,769,5278,9629,1683,12487,798,798,423,537,423,1390,10310,2091,307,2100,0,675,8353,5903,5903,683,698,714,11541,1838,1865,1557,4885,727,734,2195,11060,10982,324,573,7613,620,4260,8397,1242,395,7121,6704,5440,1422,247,1829,476,12455,12455,10962,7992,188,708,348,8353,5803,12471,661,829,2162,1589,2900,219
"62 Place des Corps Saints, Avignon, France",761,783,2193,17804,119,620,612,1393,2232,390,615,17804,3820,729,17821,3557,7851,500,629,7488,238,11725,385,1216,670,2440,777,177,2572,202,466,458,773,718,10135,24,6697,356,370,567,1132,39,121,193,806,369,17950,7785,3537,2263,2534,2263,6392,570,6690,94,39,8667,7567,2919,299,489,12404,619,619,379,619,557,140,5692,9947,1761,12404,279,279,451,180,451,1663,10599,2534,946,2571,675,0,8844,6469,6469,427,410,39,11474,2263,2273,1656,5398,53,60,2651,11618,11546,520,676,7814,729,4591,8894,595,541,7640,7121,5496,1732,688,2244,238,12382,12382,11521,8481,812,39,757,8844,5923,12401,601,199,1602,941,2493,645
"62 place du Petit Pont, Avignon, France",8188,8522,8778,10135,8908,8584,8613,8748,8964,8455,8542,10135,6364,8926,10133,8864,4212,8784,8509,1515,8761,3264,8808,8130,8780,10353,8098,8671,11324,8843,8552,9302,8163,8816,3200,8819,2496,8781,8616,8704,9057,8853,8789,8885,8513,8606,10251,4502,7730,8971,8980,8971,2801,8953,2558,8806,8853,204,2290,9650,8734,8984,10093,8575,8575,8710,8575,8433,8982,3287,3179,7377,10093,9082,9082,8776,8804,8776,9193,3956,8980,8299,8863,8353,8844,0,2748,2748,9030,9042,8868,9233,8971,9040,9580,3475,8876,8878,8955,3154,3169,8677,8894,4209,8926,4568,114,9413,8744,1322,2031,5812,9133,8551,9003,8761,9953,9953,3078,362,8165,8853,8605,0,12775,9926,8282,9043,9199,9306,8727,8548
"641 avenue de Saint Tronquet, Avignon, France",5753,6029,6104,12806,6514,6115,6142,6159,6288,6081,6078,12806,3622,6429,12808,6119,4946,6324,6046,1233,6348,5263,6366,5597,6292,8320,5780,6292,9027,6432,6117,6918,5732,6321,5394,6445,255,6346,6193,6235,6505,6484,6395,6475,6293,6184,12929,5149,6270,6292,6281,6292,79,6482,222,6416,6484,2544,3091,6938,6311,6527,11206,6106,6106,6274,6106,5997,6600,2055,5291,5263,11206,6677,6677,6324,6399,6324,6578,6113,6281,5797,6160,5903,6469,2748,0,0,6586,6601,6498,10257,6292,6362,6982,1273,6508,6512,6248,5158,5079,6219,6405,4923,6429,3055,2750,7060,6279,1428,2251,5163,6508,6072,6326,6348,11096,11096,5059,2431,5720,6484,6111,2748,10028,11082,5959,6663,7135,7079,6919,6077
"641 avenue de Saint-Tronquet, Avignon, France",5753,6029,6104,12806,6514,6115,6142,6159,6288,6081,6078,12806,3622,6429,12808,6119,4946,6324,6046,1233,6348,5263,6366,5597,6292,8320,5780,6292,9027,6432,6117,6918,5732,6321,5394,6445,255,6346,6193,6235,6505,6484,6395,6475,6293,6184,12929,5149,6270,6292,6281,6292,79,6482,222,6416,6484,2544,3091,6938,6311,6527,11206,6106,6106,6274,6106,5997,6600,2055,5291,5263,11206,6677,6677,6324,6399,6324,6578,6113,6281,5797,6160,5903,6469,2748,0,0,6586,6601,6498,10257,6292,6362,6982,1273,6508,6512,6248,5158,5079,6219,6405,4923,6429,3055,2750,7060,6279,1428,2251,5163,6508,6072,6326,6348,11096,11096,5059,2431,5720,6484,6111,2748,10028,11082,5959,6663,7135,7079,6919,6077
"65 rue Joseph Vernet, Avignon, 84000",842,613,1851,18116,309,484,459,1060,1868,670,514,18116,3734,361,18132,3220,8197,272,544,7643,311,11849,222,1096,383,2698,1102,496,2554,259,478,471,867,402,10428,441,6821,250,422,369,734,459,365,243,1234,433,18260,8139,3963,1899,2172,1899,6510,194,6808,372,459,8849,7837,2514,313,96,12823,491,491,320,491,596,366,5931,10243,2126,12823,247,247,263,305,263,1262,10909,2172,838,2222,683,427,9030,6586,6586,0,28,447,11890,1899,1902,1229,5564,454,462,2294,11744,11665,371,325,8159,361,4875,9075,688,324,7802,7359,5884,1339,541,1876,311,12800,12800,11646,8668,868,459,548,9030,5496,12819,952,380,1977,1253,2910,522
"67 rue Joseph Vernet, Avignon, 84000",855,637,1879,18118,291,505,481,1088,1895,668,534,18118,3758,388,18134,3247,8196,294,563,7657,310,11865,235,1120,410,2670,1099,488,2532,251,489,443,879,430,10432,425,6836,260,429,392,760,441,354,231,1217,440,18263,8137,3947,1926,2199,1926,6525,222,6824,359,441,8861,7843,2538,317,124,12810,511,511,331,511,608,342,5938,10246,2121,12810,219,219,281,298,281,1287,10911,2199,860,2249,698,410,9042,6601,6601,28,0,429,11878,1926,1928,1248,5577,435,442,2321,11759,11681,391,353,8158,388,4879,9087,660,347,7815,7367,5877,1364,563,1902,310,12788,12788,11661,8680,882,441,573,9042,5512,12806,947,355,1952,1226,2888,542
"68, place des Corps Saints, Avignon, France",798,822,2228,17814,138,659,651,1427,2266,417,655,17814,3858,760,17832,3592,7857,535,668,7514,276,11753,419,1255,705,2401,792,208,2540,235,505,436,809,752,10148,55,6726,391,409,604,1160,16,160,221,789,409,17960,7789,3521,2297,2567,2297,6421,598,6719,133,16,8691,7583,2947,337,514,12393,658,658,418,658,596,127,5712,9960,1766,12393,279,279,486,217,486,1692,10610,2567,986,2605,714,39,8868,6498,6498,447,429,0,11464,2297,2306,1676,5424,13,21,2685,11646,11574,558,707,7819,760,4606,8918,563,577,7666,7140,5494,1761,727,2277,276,12371,12371,11549,8505,849,16,795,8868,5940,12391,614,180,1568,902,2466,684
"69 avenue du General de Gaulle, Avignon, France",11385,11833,13075,9803,11593,11755,11775,12477,13217,11264,11709,9803,12181,12088,9850,14061,5319,11824,11686,9687,11599,11735,11752,11805,11953,10888,10860,11399,12604,11633,11581,11769,11355,12014,6503,11456,10170,11710,11564,11817,12462,11449,11526,11648,10684,11551,9961,5107,7989,13244,13439,13244,10231,11978,10263,11519,11449,9301,7316,14062,11625,11927,979,11745,11745,11670,11745,11521,11579,8425,6401,9859,979,11737,11737,11780,11588,11780,12928,5962,13439,11745,13393,11541,11474,9233,10257,10257,11890,11878,11464,0,13244,13291,13072,9558,11461,11455,13506,11654,11774,11757,12029,5340,12088,8286,9344,11695,11828,9583,8092,6214,12950,11780,13248,11599,918,918,11628,9158,11418,11449,11886,9233,17344,931,10968,11604,10417,11104,9323,11741
"7 Place Saint-Marc, Avignon, France",1951,1568,197,18616,2168,1706,1700,881,31,2239,1737,18616,2799,1545,18627,1341,9023,1765,1745,7481,2036,11441,1879,1448,1594,4563,2535,2219,4002,2061,1905,2331,1977,1545,10895,2265,6546,1911,1971,1712,1175,2302,2152,2078,2985,1980,18753,9024,5563,0,273,0,6226,1713,6507,2175,2302,8774,8239,825,1981,1809,14202,1712,1712,1905,1712,1906,2253,6251,10729,3429,14202,2146,2146,1815,2086,1815,706,11467,273,1565,346,1838,2263,8971,6292,6292,1899,1926,2297,13244,0,69,1056,5560,2308,2316,397,11341,11234,1770,1592,8986,1545,5491,8993,2543,1729,7664,7609,7061,602,1652,41,2036,14162,14162,11241,8623,1903,2302,1553,8971,4195,14174,2498,2277,3864,3153,4716,1701
"7 place du Chapitre, Avignon, France",1982,1591,265,18682,2176,1726,1718,900,80,2260,1758,18682,2867,1550,18693,1357,9083,1777,1768,7550,2049,11509,1889,1490,1606,4555,2564,2234,3968,2070,1925,2327,2009,1556,10961,2276,6615,1922,1988,1727,1172,2312,2163,2086,3004,1997,18819,9083,5595,69,284,69,6295,1718,6577,2186,2312,8843,8305,773,1995,1813,14248,1732,1732,1919,1732,1930,2258,6317,10795,3469,14248,2148,2148,1827,2096,1827,686,11532,284,1598,378,1865,2273,9040,6362,6362,1902,1928,2306,13291,69,0,1017,5628,2317,2325,411,11410,11303,1785,1599,9046,1550,5553,9062,2537,1742,7733,7677,7111,586,1674,43,2049,14209,14209,11309,8693,1936,2312,1572,9040,4138,14222,2523,2281,3872,3154,4735,1722
"7, impasse du Pont, Avignon, France",1728,1276,1138,18980,1538,1326,1303,831,1034,1810,1373,18980,3675,985,18994,2346,9184,1249,1399,8125,1489,12205,1329,1503,1120,3669,2214,1693,2954,1470,1491,1536,1760,1059,11260,1668,7230,1370,1508,1256,625,1688,1578,1466,2460,1521,19122,9150,5182,1056,1292,1056,6910,1105,7202,1591,1688,9389,8625,1381,1456,1171,14012,1336,1336,1404,1336,1559,1586,6660,11084,3232,14012,1439,1439,1294,1511,1294,426,11786,1292,1428,1396,1557,1656,9580,6982,6982,1229,1248,1676,13072,1056,1017,0,6114,1683,1690,1417,12104,12007,1315,1043,9146,985,5737,9612,1717,1244,8299,8065,6996,522,1310,1016,1489,13985,13985,12003,9224,1710,1688,1209,9580,4283,14002,2105,1584,3151,2386,4131,1344
"719 route de Carpentras, Avignon, France",4722,5048,5364,13141,5456,5113,5141,5282,5550,5008,5071,13141,3186,5452,13148,5641,4367,5315,5039,2092,5303,6362,5342,4655,5306,7112,4672,5223,7921,5386,5087,5855,4698,5342,5486,5374,1429,5317,5155,5233,5583,5410,5337,5428,5139,5145,13272,4512,4998,5560,5597,5560,1198,5482,1461,5355,5410,3289,2885,6284,5273,5516,10527,5104,5104,5246,5104,4968,5535,1134,5344,4062,10527,5627,5627,5308,5349,5308,5735,6137,5597,4823,5488,4885,5398,3475,1273,1273,5564,5577,5424,9558,5560,5628,6114,0,5434,5436,5587,6253,6195,5208,5421,4337,5452,1819,3515,5978,5274,2241,2128,4049,5679,5078,5589,5303,10431,10431,6158,3116,4697,5410,5131,3475,9535,10423,4855,5597,5931,5933,5663,5076
"72, place des Corps Saints, Avignon, France",811,835,2240,17819,146,672,664,1439,2277,428,668,17819,3872,770,17836,3604,7860,546,682,7524,289,11764,431,1269,717,2387,798,220,2528,247,519,429,822,763,10153,68,6736,404,423,617,1170,24,174,231,784,422,17965,7791,3517,2308,2578,2308,6431,607,6730,146,24,8700,7589,2957,350,522,12390,672,672,431,672,609,125,5719,9965,1769,12390,279,279,498,229,498,1701,10614,2578,999,2617,727,53,8876,6508,6508,454,435,13,11461,2308,2317,1683,5434,0,8,2696,11657,11585,571,718,7822,770,4612,8927,552,590,7676,7148,5494,1771,740,2288,289,12369,12369,11559,8514,862,24,808,8876,5945,12388,619,174,1557,889,2458,698
"74 Place des Corps Saints, Avignon, France",816,844,2248,17817,154,681,672,1448,2285,431,676,17817,3878,778,17835,3613,7858,555,689,7526,298,11767,440,1277,725,2379,798,225,2524,255,526,428,827,771,10152,74,6739,412,430,625,1178,28,182,239,778,430,17963,7789,3510,2316,2587,2316,6434,616,6733,154,28,8702,7589,2965,359,530,12384,680,680,439,680,616,128,5720,9964,1767,12384,284,284,507,238,507,1709,10613,2587,1007,2625,734,60,8878,6512,6512,462,442,21,11455,2316,2325,1690,5436,8,0,2705,11660,11588,579,726,7820,778,4611,8929,548,598,7678,7149,5490,1780,749,2296,298,12363,12363,11562,8516,868,28,816,8878,5951,12382,619,175,1548,880,2450,706
"74 rue de la République, Avignon, France",2294,1936,471,18691,2558,2080,2076,1260,427,2607,2108,18691,2680,1937,18701,945,9190,2151,2114,7454,2421,11340,2266,1761,1980,4961,2881,2600,4371,2449,2278,2728,2318,1933,10980,2652,6503,2296,2348,2094,1572,2690,2538,2467,3357,2356,18827,9202,5894,397,126,397,6184,2106,6459,2561,2690,8756,8324,696,2365,2203,14468,2086,2086,2287,2086,2271,2644,6337,10819,3736,14468,2541,2541,2201,2472,2201,1097,11569,126,1909,113,2195,2651,8955,6248,6248,2294,2321,2685,13506,397,411,1417,5587,2696,2705,0,11243,11130,2150,1984,9152,1937,5645,8973,2940,2113,7640,7668,7306,996,2023,426,2421,14424,14424,11142,8613,2243,2690,1927,8955,4033,14436,2856,2671,4253,3547,5088,2072
"76 rue Daniel Lavorini, Avignon, France",10909,11186,11162,9727,11666,11273,11301,11291,11341,11229,11236,9727,8562,11586,9707,10940,7127,11482,11204,4174,11503,110,11524,10750,11450,13339,10913,11441,14165,11587,11273,12070,10888,11478,5153,11595,4923,11503,11349,11394,11649,11632,11547,11630,11393,11340,9803,7427,10853,11341,11294,11341,5233,11640,4935,11568,11632,3252,5388,11910,11467,11685,12408,11265,11265,11431,11265,11154,11751,6346,5253,10305,12408,11832,11832,11482,11553,11482,11691,5759,11294,10954,11167,11060,11618,3154,5158,5158,11744,11759,11646,11654,11341,11410,12104,6253,11657,11660,11243,0,197,11377,11562,7132,11586,7633,3057,12206,11437,4051,5182,8961,11615,11230,11378,11503,12249,12249,101,3470,10877,11632,11268,3154,14732,12211,11094,11814,12165,12186,11784,11235
"8 impasse du lavoir, Avignon, France",10832,11103,11056,9924,11592,11192,11220,11197,11234,11157,11155,9924,8450,11502,9905,10815,7196,11402,11124,4127,11427,237,11445,10663,11367,13292,10846,11369,14097,11511,11196,11996,10811,11394,5279,11522,4848,11425,11272,11313,11559,11561,11473,11555,11333,11263,10000,7495,10840,11234,11183,11234,5155,11558,4857,11494,11561,3256,5424,11794,11390,11605,12536,11184,11184,11354,11184,11076,11678,6323,5373,10253,12536,11756,11756,11403,11478,11403,11593,5897,11183,10871,11055,10982,11546,3169,5079,5079,11665,11681,11574,11774,11234,11303,12007,6195,11585,11588,11130,197,0,11297,11479,7200,11502,7608,3068,12135,11356,4011,5188,8981,11516,11148,11272,11427,12379,12379,157,3473,10799,11561,11185,3169,14595,12341,11026,11741,12116,12126,11752,11155
"8 rue de Mons, Avignon, 84000",497,272,1686,17825,457,118,99,890,1738,502,142,17825,3381,334,17841,3044,7942,106,173,7283,282,11482,172,743,198,2951,898,449,2920,335,176,797,526,259,10126,516,6454,177,206,61,712,559,399,370,1222,217,17969,7894,3892,1770,2036,1770,6143,282,6441,426,559,8495,7522,2469,221,309,12697,122,122,141,122,266,562,5600,9943,1922,12697,537,537,110,342,110,1223,10619,2036,476,2065,324,520,8677,6219,6219,371,391,558,11757,1770,1785,1315,5208,571,579,2150,11377,11297,0,278,7904,334,4573,8721,1002,77,7443,7027,5691,1276,183,1753,282,12669,12669,11278,8316,512,559,237,8677,5594,12686,794,611,2113,1459,2950,153
"8, RUE MAZAN, Avignon, France",753,376,1534,18088,576,325,297,738,1561,766,373,18088,3453,58,18104,2902,8216,206,405,7487,466,11667,301,836,114,3023,1174,667,2828,474,454,794,783,90,10385,681,6644,340,465,224,462,714,573,487,1449,478,18232,8170,4148,1592,1864,1592,6330,131,6627,593,714,8710,7774,2246,423,228,12968,335,335,363,335,539,660,5844,10203,2200,12968,568,568,254,504,254,990,10883,1864,608,1908,573,676,8894,6405,6405,325,353,707,12029,1592,1599,1043,5421,718,726,1984,11562,11479,278,0,8178,58,4834,8936,1012,202,7650,7268,5969,1055,345,1571,466,12941,12941,11463,8534,755,714,294,8894,5325,12959,1062,689,2272,1568,3163,357
"9 rue de la République, Avignon, France",7434,7878,8794,10083,7918,7858,7884,8392,8966,7489,7809,10083,7279,8229,10106,9492,37,7998,7779,4380,7848,7233,7965,7679,8076,8339,7058,7681,9781,7909,7734,8224,7403,8131,2846,7790,4830,7926,7755,7954,8524,7803,7817,7939,7168,7742,10235,295,5161,8986,9118,8986,4900,8175,4923,7821,7803,4221,2032,9802,7850,8159,6284,7848,7848,7866,7848,7639,7947,3214,2641,6053,6284,8093,8093,7967,7863,7967,8880,3017,9118,7717,9040,7613,7814,4209,4923,4923,8159,8158,7819,5340,8986,9046,9146,4337,7822,7820,9152,7132,7200,7904,8178,0,8229,3511,4323,8239,7981,4294,2760,2659,8866,7858,9003,7848,6173,6173,7078,4041,7445,7803,7951,4209,13178,6159,7219,7994,7402,7844,6529,7832
"9, place Crillon, Avignon, 84000",800,404,1491,18134,626,372,345,699,1514,825,421,18134,3452,0,18150,2860,8267,265,452,7515,523,11690,358,849,155,3058,1232,725,2830,527,510,824,831,109,10430,735,6669,397,523,278,405,767,628,538,1506,536,18278,8222,4207,1545,1817,1545,6354,169,6651,648,767,8742,7817,2190,481,266,13027,383,383,422,383,592,707,5884,10248,2256,13027,607,607,312,560,312,935,10930,1817,632,1863,620,729,8926,6429,6429,361,388,760,12088,1545,1550,985,5452,770,778,1937,11586,11502,334,58,8229,0,4880,8968,1042,260,7679,7307,6025,1002,385,1523,523,13000,13000,11487,8566,800,767,321,8926,5266,13017,1120,733,2321,1611,3219,402
"Avenue Pierre de Coubertin, Le Pontet, 84130, Avignon, France",4081,4500,5297,13255,4679,4508,4536,4949,5472,4225,4460,13255,3901,4880,13270,5991,3548,4675,4428,3530,4572,7744,4663,4241,4724,5800,3814,4435,6900,4645,4415,5038,4051,4775,5553,4566,3161,4628,4455,4616,5130,4590,4567,4681,4099,4442,13398,3578,3275,5491,5614,5491,2985,4854,3213,4577,4590,4427,2981,6302,4562,4856,9265,4498,4498,4562,4498,4308,4731,1288,5369,2929,9265,4859,4859,4651,4600,4651,5437,6052,5614,4316,5533,4260,4591,4568,3055,3055,4875,4879,4606,8286,5491,5553,5737,1819,4612,4611,5645,7633,7608,4573,4834,3511,4880,0,4644,5103,4649,3615,2632,2337,5413,4496,5510,4572,9191,9191,7545,4216,4080,4590,4579,4568,9675,9191,3992,4786,4667,4871,4160,4478
"Avenue Pierre de Coubertin, Vedène, 84270, Avignon, France",8233,8563,8801,10165,8957,8627,8656,8781,8986,8504,8586,10165,6371,8968,10163,8870,4327,8828,8553,1522,8809,3167,8853,8167,8822,10422,8150,8720,11381,8891,8597,9352,8208,8858,3289,8869,2497,8827,8663,8747,9094,8903,8837,8932,8571,8653,10280,4617,7816,8993,8999,8993,2806,8997,2556,8855,8903,226,2401,9666,8780,9029,10203,8618,8618,8756,8618,8479,9032,3360,3272,7439,10203,9130,9130,8820,8852,8820,9224,4043,8999,8339,8881,8397,8894,114,2750,2750,9075,9087,8918,9344,8993,9062,9612,3515,8927,8929,8973,3057,3068,8721,8936,4323,8968,4644,0,9465,8788,1332,2125,5914,9163,8593,9026,8809,10063,10063,2979,427,8210,8903,8647,114,12779,10035,8334,9093,9265,9365,8803,8591
"Avenue du Blanchissage, Avignon, 84000",1350,1271,2514,18269,576,1119,1101,1737,2513,979,1132,18269,4378,1042,18288,3878,8277,929,1155,8069,766,12313,830,1744,1069,2023,1317,771,1977,686,1019,218,1364,1090,10627,617,7287,827,926,1024,1368,576,686,644,1075,930,18416,8195,3709,2543,2816,2543,6983,881,7281,661,576,9239,8084,3082,820,785,12610,1122,1122,885,1122,1127,475,6237,10436,2206,12610,465,465,898,704,898,1866,11071,2816,1475,2876,1242,595,9413,7060,7060,688,660,563,11695,2543,2537,1717,5978,552,548,2940,12206,12135,1002,1012,8239,1042,5103,9465,0,983,8220,7664,5839,1956,1185,2516,766,12596,12596,12109,9051,1396,576,1218,9413,5839,12618,1132,413,1452,677,2495,1152
"Avignon, 84000",571,291,1653,17901,463,164,137,853,1698,568,202,17901,3412,260,17917,3015,8019,54,235,7347,308,11542,162,773,138,2955,972,494,2879,345,251,773,599,195,10201,540,6515,185,267,44,647,580,425,373,1274,280,18045,7971,3956,1729,1997,1729,6203,210,6501,449,580,8562,7596,2415,252,250,12768,172,172,178,172,343,564,5673,10018,1997,12768,518,518,92,361,92,1165,10695,1997,513,2031,395,541,8744,6279,6279,324,347,577,11828,1729,1742,1244,5274,590,598,2113,11437,11356,77,202,7981,260,4649,8788,983,0,7508,7099,5766,1221,216,1711,308,12741,12741,11339,8383,583,580,235,8744,5524,12758,862,607,2143,1472,2998,202
"Centre Commercial Buld'Air, Avignon, France",6960,7275,7472,11400,7698,7346,7374,7470,7657,7250,7305,11400,5041,7679,11400,7542,4308,7550,7273,196,7543,4161,7580,6868,7536,9288,6912,7465,10158,7626,7326,8097,6936,7570,4137,7616,1179,7556,7394,7466,7791,7652,7578,7669,7366,7385,11520,4563,6879,7664,7667,7664,1480,7716,1247,7597,7652,1119,2270,8334,7513,7752,10496,7337,7337,7484,7337,7206,7777,2346,4062,6261,10496,7868,7868,7544,7590,7544,7906,4882,7667,7048,7549,7121,7640,1322,1428,1428,7802,7815,7666,9583,7664,7733,8299,2241,7676,7678,7640,4051,4011,7443,7650,4294,7679,3615,1332,8220,7508,0,1578,5275,7843,7309,7696,7543,10371,10371,3959,1003,6934,7652,7358,1322,11453,10350,7095,7839,8116,8160,7743,7309
"Chemin de la Banastière, Avignon, France",6529,6908,7412,11028,7198,6946,6975,7240,7597,6740,6901,11028,5314,7307,11037,7764,2779,7132,6868,1637,7070,5292,7140,6569,7154,8429,6352,6955,9511,7148,6884,7577,6502,7198,3358,7096,2117,7108,6937,7061,7496,7125,7082,7188,6699,6926,11162,3017,5708,7609,7669,7609,2246,7309,2211,7095,7125,1932,840,8361,7051,7326,9025,6936,6936,7039,6936,6770,7262,1429,3219,5536,9025,7377,7377,7117,7106,7117,7713,4019,7669,6699,7565,6704,7121,2031,2251,2251,7359,7367,7140,8092,7609,7677,8065,2128,7148,7149,7668,5182,5188,7027,7268,2760,7307,2632,2125,7664,7099,1578,0,3818,7668,6922,7636,7070,8907,8907,5103,1714,6517,7125,6991,2031,11647,8890,6535,7320,7299,7481,6753,6912
"Montfavet, Avignon, 84000",5272,5726,6887,12694,5609,5670,5693,6334,7036,5223,5622,12694,6072,6025,12719,7846,2693,5771,5596,5260,5577,9069,5716,5642,5880,5709,4798,5389,7218,5625,5515,5861,5241,5940,5447,5474,5204,5675,5514,5748,6372,5478,5524,5648,4767,5501,12848,2520,2509,7061,7245,7061,5105,5939,5275,5522,5478,5736,3609,7885,5592,5903,7186,5660,5660,5625,5660,5438,5618,3116,5240,3769,7186,5773,5773,5732,5579,5732,6803,5676,7245,5611,7193,5440,5496,5812,5163,5163,5884,5877,5494,6214,7061,7111,6996,4049,5494,5490,7306,8961,8981,5691,5969,2659,6025,2337,5914,5839,5766,5275,3818,0,6813,5686,7069,5577,7133,7133,8887,5520,5298,5478,5788,5812,11215,7142,4933,5656,4839,5362,3902,5651
"Montée de la Tour, Villeneuve-lez-Avignon, 30400",1567,1131,638,18625,1627,1239,1226,480,575,1772,1279,18625,3158,1002,18638,1942,8904,1248,1295,7666,1519,11716,1355,1189,1083,3970,2123,1715,3416,1529,1433,1749,1597,1027,10900,1737,6758,1391,1482,1215,604,1769,1629,1540,2496,1493,18765,8885,5154,602,870,602,6438,1164,6728,1649,1769,8940,8254,1193,1470,1255,13899,1247,1247,1400,1247,1463,1702,6276,10728,3091,13899,1582,1582,1299,1560,1299,107,11445,870,1205,948,1422,1732,9133,6508,6508,1339,1364,1761,12950,602,586,522,5679,1771,1780,996,11615,11516,1276,1055,8866,1002,5413,9163,1956,1221,7843,7668,6813,0,1198,570,1519,13865,13865,11515,8780,1532,1769,1091,9133,4403,13881,2053,1719,3316,2585,4218,1243
"Palais des papes, Avignon, 84000",423,95,1555,17751,636,68,84,773,1621,586,85,17751,3200,385,17767,2901,7896,268,96,7147,452,11335,355,561,231,3127,928,591,3095,514,255,980,455,278,10045,681,6309,359,334,171,686,726,566,551,1334,340,17895,7855,3955,1652,1913,1652,5997,410,6294,594,726,8367,7432,2382,390,464,12725,68,68,312,68,264,741,5499,9864,1926,12725,720,720,289,515,289,1159,10548,1913,297,1934,247,688,8551,6072,6072,541,563,727,11780,1652,1674,1310,5078,740,749,2023,11230,11148,183,345,7858,385,4496,8593,1185,216,7309,6922,5686,1198,0,1639,452,12694,12694,11131,8190,416,726,107,8551,5564,12711,856,792,2263,1629,3064,48
"Place Meissonnier, Villeneuve-lez-Avignon, 30400",1944,1556,225,18641,2147,1692,1685,866,39,2226,1724,18641,2838,1523,18652,1372,9040,1747,1733,7514,2018,11478,1859,1449,1576,4535,2527,2203,3964,2041,1891,2305,1970,1526,10920,2246,6580,1892,1955,1695,1149,2282,2133,2057,2971,1964,18778,9040,5557,41,300,41,6260,1691,6542,2156,2282,8806,8264,816,1964,1786,14206,1698,1698,1888,1698,1895,2231,6276,10753,3428,14206,2122,2122,1797,2066,1797,672,11490,300,1559,382,1829,2244,9003,6326,6326,1876,1902,2277,13248,41,43,1016,5589,2288,2296,426,11378,11272,1753,1571,9003,1523,5510,9026,2516,1711,7696,7636,7069,570,1639,0,2018,14166,14166,11278,8655,1897,2282,1538,9003,4181,14179,2487,2254,3844,3129,4702,1687
"Place Saint Didier, Avignon, 84000",598,546,1961,17809,192,384,374,1161,2005,359,383,17809,3615,523,17825,3322,7886,272,400,7387,0,11609,165,992,442,2674,791,204,2726,84,252,583,617,494,10125,234,6579,127,160,330,929,277,118,128,983,166,17954,7828,3692,2036,2305,2036,6271,383,6569,144,277,8582,7539,2711,61,328,12534,384,384,141,384,363,298,5642,9939,1816,12534,330,330,221,64,221,1456,10602,2305,721,2339,476,238,8761,6348,6348,311,310,276,11599,2036,2049,1489,5303,289,298,2421,11503,11427,282,466,7848,523,4572,8809,766,308,7543,7070,5577,1519,452,2018,0,12509,12509,11405,8399,638,277,519,8761,5771,12528,643,355,1835,1178,2698,410
"Place de l'Église, Caumont-sur-Durance, 84510, Avignon, France",12300,12748,13994,9616,12501,12669,12689,13393,14135,12176,12623,9616,13089,13000,9666,14979,6149,12736,12600,10483,12509,12326,12663,12723,12866,11749,11773,12309,13471,12542,12494,12673,12270,12927,7100,12365,11001,12621,12477,12729,13375,12357,12435,12557,11590,12464,9771,5952,8888,14162,14357,14162,11073,12889,11094,12428,12357,10032,8115,14979,12536,12837,177,12659,12659,12582,12659,12435,12486,9297,7017,10775,177,12645,12645,12692,12498,12692,13844,6504,14357,12662,14312,12455,12382,9953,11096,11096,12800,12788,12371,918,14162,14209,13985,10431,12369,12363,14424,12249,12379,12669,12941,6173,13000,9191,10063,12596,12741,10371,8907,7133,13865,12694,14166,12509,0,0,12229,9899,12334,12357,12801,9953,18259,61,11880,12511,11305,12000,10209,12655
"Place de l'église, Caumont-sur-Durance, 84510, Avignon, France",12300,12748,13994,9616,12501,12669,12689,13393,14135,12176,12623,9616,13089,13000,9666,14979,6149,12736,12600,10483,12509,12326,12663,12723,12866,11749,11773,12309,13471,12542,12494,12673,12270,12927,7100,12365,11001,12621,12477,12729,13375,12357,12435,12557,11590,12464,9771,5952,8888,14162,14357,14162,11073,12889,11094,12428,12357,10032,8115,14979,12536,12837,177,12659,12659,12582,12659,12435,12486,9297,7017,10775,177,12645,12645,12692,12498,12692,13844,6504,14357,12662,14312,12455,12382,9953,11096,11096,12800,12788,12371,918,14162,14209,13985,10431,12369,12363,14424,12249,12379,12669,12941,6173,13000,9191,10063,12596,12741,10371,8907,7133,13865,12694,14166,12509,0,0,12229,9899,12334,12357,12801,9953,18259,61,11880,12511,11305,12000,10209,12655
"Place de l'église, Entraigues-sur-la-Sorgue, 84320, Avignon, France",10811,11087,11061,9790,11569,11174,11202,11191,11240,11131,11137,9790,8461,11487,9771,10839,7073,11384,11106,4081,11405,204,11426,10651,11351,13246,10816,11344,14068,11489,11176,11973,10790,11379,5130,11497,4825,11405,11251,11295,11550,11535,11450,11533,11298,11242,9867,7372,10769,11241,11193,11241,5135,11541,4837,11470,11535,3172,5320,11809,11369,11587,12387,11166,11166,11333,11166,11056,11654,6259,5226,10212,12387,11734,11734,11384,11455,11384,11591,5745,11193,10856,11066,10962,11521,3078,5059,5059,11646,11661,11549,11628,11241,11309,12003,6158,11559,11562,11142,101,157,11278,11463,7078,11487,7545,2979,12109,11339,3959,5103,8887,11515,11131,11278,11405,12229,12229,0,3390,10779,11535,11169,3078,14632,12192,10997,11717,12072,12091,11694,11137
"Place de l'église, Vedène, 84270, Avignon, France",7826,8162,8430,10405,8546,8223,8252,8393,8616,8092,8181,10405,6035,8566,10405,8537,4047,8423,8148,1200,8399,3580,8446,7771,8419,9996,7735,8309,10962,8481,8190,8940,7801,8456,3299,8457,2183,8420,8255,8343,8699,8490,8427,8523,8151,8244,10524,4331,7394,8623,8636,8623,2480,8593,2250,8444,8490,217,2064,9308,8372,8623,10035,8214,8214,8348,8214,8072,8620,2932,3255,7016,10035,8720,8720,8414,8442,8414,8839,4056,8636,7939,8520,7992,8481,362,2431,2431,8668,8680,8505,9158,8623,8693,9224,3116,8514,8516,8613,3470,3473,8316,8534,4041,8566,4216,427,9051,8383,1003,1714,5520,8780,8190,8655,8399,9899,9899,3390,0,7804,8490,8245,362,12450,9873,7919,8681,8840,8944,8376,8187
"Place des Carmes, Avignon, 84000",62,434,1773,17335,821,430,459,1065,1873,499,384,17335,3016,800,17350,3059,7483,619,351,6775,638,10983,647,519,644,3191,640,648,3365,723,397,1222,76,695,9629,794,5954,625,478,544,1084,840,710,767,1196,472,17478,7444,3659,1903,2145,1903,5644,793,5942,736,840,7984,7019,2681,595,819,12367,420,420,554,420,278,921,5091,9448,1559,12367,968,968,610,696,610,1511,10131,2145,338,2143,188,812,8165,5720,5720,868,882,849,11418,1903,1936,1710,4697,862,868,2243,10877,10799,512,755,7445,800,4080,8210,1396,583,6934,6517,5298,1532,416,1897,638,12334,12334,10779,7804,0,840,506,8165,5930,12349,648,983,2211,1689,2886,398
"Place des Corps Saints, Avignon, 84000",788,821,2232,17798,149,658,651,1432,2271,403,653,17798,3851,767,17816,3596,7841,539,665,7500,277,11739,424,1251,709,2403,776,197,2552,241,501,452,799,757,10132,47,6712,395,405,606,1169,0,160,229,776,404,17944,7773,3508,2302,2572,2302,6407,606,6706,132,0,8677,7567,2956,338,524,12378,657,657,418,657,589,144,5696,9944,1750,12378,295,295,490,219,490,1700,10593,2572,982,2610,708,39,8853,6484,6484,459,441,16,11449,2302,2312,1688,5410,24,28,2690,11632,11561,559,714,7803,767,4590,8903,576,580,7652,7125,5478,1769,726,2282,277,12357,12357,11535,8490,840,0,796,8853,5952,12376,597,196,1563,903,2457,683
"Place du Palais, Avignon, 84000",520,83,1460,17834,691,153,150,672,1522,688,188,17834,3187,321,17849,2812,7989,288,203,7195,519,11373,395,552,183,3186,1035,677,3098,570,352,1007,551,211,10125,752,6350,410,421,197,584,796,636,603,1432,429,17977,7950,4062,1553,1815,1553,6036,388,6333,663,796,8421,7508,2276,458,461,12831,160,160,377,160,372,795,5569,9944,2031,12831,753,753,324,579,324,1052,10631,1815,313,1839,348,757,8605,6111,6111,548,573,795,11886,1553,1572,1209,5131,808,816,1927,11268,11185,237,294,7951,321,4579,8647,1218,235,7358,6991,5788,1091,107,1538,519,12801,12801,11169,8245,506,796,0,8605,5458,12817,962,841,2347,1696,3163,152
"Place du Petit Pont, Vedène, 84270, Avignon, France",8188,8522,8778,10135,8908,8584,8613,8748,8964,8455,8542,10135,6364,8926,10133,8864,4212,8784,8509,1515,8761,3264,8808,8130,8780,10353,8098,8671,11324,8843,8552,9302,8163,8816,3200,8819,2496,8781,8616,8704,9057,8853,8789,8885,8513,8606,10251,4502,7730,8971,8980,8971,2801,8953,2558,8806,8853,204,2290,9650,8734,8984,10093,8575,8575,8710,8575,8433,8982,3287,3179,7377,10093,9082,9082,8776,8804,8776,9193,3956,8980,8299,8863,8353,8844,0,2748,2748,9030,9042,8868,9233,8971,9040,9580,3475,8876,8878,8955,3154,3169,8677,8894,4209,8926,4568,114,9413,8744,1322,2031,5812,9133,8551,9003,8761,9953,9953,3078,362,8165,8853,8605,0,12775,9926,8282,9043,9199,9306,8727,8548
"RD 6580, Avignon, France",5961,5511,4385,22674,5804,5590,5571,4881,4217,6092,5636,22674,6417,5266,22682,3914,13215,5532,5658,11260,5771,14820,5612,5575,5396,7430,6487,5974,5990,5747,5768,5709,5991,5335,14984,5938,10281,5654,5790,5533,4884,5952,5855,5738,6729,5803,22807,13220,9460,4195,4061,4195,9974,5387,10224,5866,5952,12572,12332,3376,5739,5448,18289,5600,5600,5688,5600,5824,5836,10350,14828,7486,18289,5681,5681,5577,5789,5577,4418,15588,4061,5608,4144,5803,5923,12775,10028,10028,5496,5512,5940,17344,4195,4138,4283,9535,5945,5951,4033,14732,14595,5594,5325,13178,5266,9675,12779,5839,5524,11453,11647,11215,4403,5564,4181,5771,18259,18259,14632,12450,5930,5952,5458,12775,0,18275,6387,5823,7278,6506,8333,5604
"Rue de la Dévalade, Caumont-sur-Durance, 84510, Avignon, France",12316,12764,14006,9554,12520,12685,12705,13408,14148,12193,12639,9554,13090,13017,9605,14987,6135,12754,12617,10463,12528,12287,12681,12736,12883,11779,11790,12328,13501,12561,12511,12694,12286,12944,7064,12384,10985,12639,12494,12746,13392,12376,12454,12576,11610,12481,9709,5940,8910,14174,14369,14174,11060,12907,11079,12447,12376,10006,8096,14993,12554,12855,234,12676,12676,12600,12676,12452,12506,9289,6982,10790,234,12664,12664,12710,12516,12710,13859,6463,14369,12676,14324,12471,12401,9926,11082,11082,12819,12806,12391,931,14174,14222,14002,10423,12388,12382,14436,12211,12341,12686,12959,6159,13017,9191,10035,12618,12758,10350,8890,7142,13881,12711,14179,12528,61,61,12192,9873,12349,12376,12817,9926,18275,0,11898,12531,11330,12023,10235,12671
"Rue des Teinturiers, Avignon, 84000",588,932,2385,17202,699,814,829,1625,2467,295,774,17202,3552,1120,17220,3698,7257,856,760,6947,643,11202,786,1167,993,2632,184,462,3070,695,624,1046,573,1053,9534,577,6181,744,596,855,1507,597,599,722,552,583,17348,7194,3101,2498,2752,2498,5881,1012,6179,602,597,8108,6970,3239,661,970,11907,806,806,702,806,593,740,5107,9346,1174,11907,877,877,812,648,812,2009,9997,2752,956,2761,661,601,8282,5959,5959,952,947,614,10968,2498,2523,2105,4855,619,619,2856,11094,11026,794,1062,7219,1120,3992,8334,1132,862,7095,6535,4933,2053,856,2487,643,11880,11880,10997,7919,648,597,962,8282,6387,11898,0,794,1586,1174,2243,810
"Rue du Portail Boquier, Avignon, 84000",937,883,2224,17992,164,725,710,1427,2246,588,732,17992,3971,733,18010,3592,8032,556,752,7686,355,11921,445,1344,716,2348,972,373,2385,280,608,259,952,751,10328,224,6892,433,513,643,1115,196,273,241,920,517,18139,7961,3647,2277,2550,2277,6586,564,6885,249,196,8867,7763,2892,412,468,12531,726,726,483,726,714,63,5891,10140,1940,12531,144,144,516,292,516,1642,10788,2550,1073,2597,829,199,9043,6663,6663,380,355,180,11604,2277,2281,1584,5597,174,175,2671,11814,11741,611,689,7994,733,4786,9093,413,607,7839,7320,5656,1719,792,2254,355,12511,12511,11717,8681,983,196,841,9043,5823,12531,794,0,1597,878,2546,755
"avenue Moulin de Notre-Dame, Avignon, 84000",2149,2358,3796,17486,1696,2199,2197,2995,3833,1728,2181,17486,5111,2321,17508,5158,7438,2102,2185,7990,1835,12274,1988,2715,2273,1184,1684,1672,2381,1804,2012,1616,2141,2320,9982,1602,7334,1958,1929,2165,2712,1563,1718,1786,1042,1923,17637,7314,2465,3864,4135,3864,7056,2154,7347,1693,1563,9043,7581,4487,1894,2062,11309,2196,2196,1973,2196,2057,1615,5919,9782,1871,11309,1737,1737,2053,1782,2053,3239,10348,4135,2468,4173,2162,1602,9199,7135,7135,1977,1952,1568,10417,3864,3872,3151,5931,1557,1548,4253,12165,12116,2113,2272,7402,2321,4667,9265,1452,2143,8116,7299,4839,3316,2263,3844,1835,11305,11305,12072,8840,2211,1563,2347,9199,7278,11330,1586,1597,0,776,1099,2216
"boulevard Gambetta, Avignon, 84000",1630,1724,3102,17911,1008,1562,1553,2305,3122,1191,1556,17911,4696,1611,17932,4471,7881,1424,1567,8021,1178,12295,1309,2145,1590,1505,1332,1062,2030,1127,1399,851,1631,1628,10324,949,7294,1287,1305,1502,1983,903,1063,1099,794,1303,18061,7779,3117,3153,3426,3153,7000,1442,7297,1035,903,9140,7840,3737,1240,1345,12009,1561,1561,1320,1561,1473,911,6068,10130,1945,12009,1007,1007,1379,1117,1379,2501,10733,3426,1879,3475,1589,941,9306,7079,7079,1253,1226,902,11104,3153,3154,2386,5933,889,880,3547,12186,12126,1459,1568,7844,1611,4871,9365,677,1472,8160,7481,5362,2585,1629,3129,1178,12000,12000,12091,8944,1689,903,1696,9306,6506,12023,1174,878,776,0,1839,1586
"rue René Goscinny, Avignon, 84000",2828,3151,4618,16595,2604,3009,3016,3835,4685,2480,2979,16595,5466,3219,16620,5941,6564,2969,2973,7638,2698,11894,2863,3404,3136,1810,2258,2504,3368,2692,2811,2627,2810,3191,9205,2484,7092,2826,2747,3010,3623,2457,2590,2686,1731,2737,16749,6415,1427,4716,4978,4716,6841,3063,7118,2571,2457,8587,6931,5409,2748,2981,10212,3003,3003,2820,3003,2817,2547,5447,9002,1880,10212,2691,2691,2918,2658,2918,4154,9519,4978,3199,4996,2900,2493,8727,6919,6919,2910,2888,2466,9323,4716,4735,4131,5663,2458,2450,5088,11784,11752,2950,3163,6529,3219,4160,8803,2495,2998,7743,6753,3902,4218,3064,4702,2698,10209,10209,11694,8376,2886,2457,3163,8727,8333,10235,2243,2546,1099,1839,0,3016
"rue Vice-légat, Avignon, 84000",398,141,1604,17732,597,37,65,821,1670,538,36,17732,3228,402,17748,2949,7870,250,54,7148,410,11341,325,591,246,3085,885,544,3073,476,206,950,429,299,10028,637,6314,325,287,158,723,683,523,514,1285,293,17876,7827,3910,1701,1962,1701,6002,406,6300,551,683,8365,7417,2429,349,452,12685,31,31,273,31,221,703,5487,9846,1889,12685,689,689,263,474,263,1203,10528,1962,323,1983,219,645,8548,6077,6077,522,542,684,11741,1701,1722,1344,5076,698,706,2072,11235,11155,153,357,7832,402,4478,8591,1152,202,7309,6912,5651,1243,48,1687,410,12655,12655,11137,8187,398,683,152,8548,5604,12671,810,755,2216,1586,3016,0
